<?xml version="1.0" encoding="UTF-8"?>
<config xmlns="http://www.w3.org/1999/xhtml"><filters><filter id="f1" name="Défaut" gesture="tap" protocol="tts" expandable="false"></filter><filter id="f169ffe16-59f1-4230-9d74-64743bc857d2" name="second" gesture="double_tap" protocol="tts" expandable="false"></filter></filters><pois><poi id="poi-7"><actions><action gesture="tap" filter="f1" value="Batiment" protocol="tts"></action><action gesture="double_tap" filter="f169ffe16-59f1-4230-9d74-64743bc857d2" value="Théâtre du Capitole" protocol="tts"></action></actions></poi><poi id="poi-8"><actions><action gesture="tap" filter="f1" value="Bâtiment" protocol="tts"></action><action gesture="double_tap" filter="f169ffe16-59f1-4230-9d74-64743bc857d2" value="Musée Saint Raymond" protocol="tts"></action></actions></poi><poi id="poi-9"><actions><action gesture="tap" filter="f1" value="Bâtiment" protocol="tts"></action><action gesture="double_tap" filter="f169ffe16-59f1-4230-9d74-64743bc857d2" value="Basilique Saint sernin" protocol="tts"></action></actions></poi><poi id="poi-10"><actions><action gesture="tap" filter="f1" value="Bâtiment" protocol="tts"></action><action gesture="double_tap" filter="f169ffe16-59f1-4230-9d74-64743bc857d2" value="Musée des augustins" protocol="tts"></action></actions></poi><poi id="poi-11"><actions><action gesture="tap" filter="f1" value="Bâtiment" protocol="tts"></action><action gesture="double_tap" filter="f169ffe16-59f1-4230-9d74-64743bc857d2" value="Cathédrale Saint Etienne" protocol="tts"></action></actions></poi><poi id="poi-12"><actions><action gesture="tap" filter="f1" value="Bâtiment" protocol="tts"></action><action gesture="double_tap" filter="f169ffe16-59f1-4230-9d74-64743bc857d2" value="Eglise Saint Pierre des Chartreux" protocol="tts"></action></actions></poi><poi id="poi-13"><actions><action gesture="tap" filter="f1" value="Bâtiment" protocol="tts"></action><action gesture="double_tap" filter="f169ffe16-59f1-4230-9d74-64743bc857d2" value="Eglise Saint Pierre des cuisines" protocol="tts"></action></actions></poi><poi id="poi-14"><actions><action gesture="tap" filter="f1" value="Bâtiment" protocol="tts"></action><action gesture="double_tap" filter="f169ffe16-59f1-4230-9d74-64743bc857d2" value="Couvent des jacobins" protocol="tts"></action></actions></poi></pois></config>