<?xml version="1.0" encoding="UTF-8"?>
<config>
	<filters>
		<filter expandable="false" id="vendsoir" name="Programme de vendredi soir"/>
		<filter expandable="false" id="samaprem" name="Programme de samedi après-midi"/>
		<filter expandable="false" id="samsoir" name="Programme de samedi soir"/>
		<filter expandable="false" id="dimaprem" name="Programme de dimanche après-midi"/>
		<filter expandable="false" id="dimsoir" name="Programme de dimanche soir"/>
	</filters>
	<pois>
		<poi id="titre">
			<actions>
				<action filter="f1" gesture="double_tap" protocol="tts" value="Trentième festival de rue de ramonville"/>
				<action filter="vendsoir" gesture="double_tap" protocol="tts" value="Trentième festival de rue de ramonville"/>
				<action filter="samaprem" gesture="double_tap" protocol="tts" value="Trentième festival de rue de ramonville"/>
				<action filter="samsoir" gesture="double_tap" protocol="tts" value="Trentième festival de rue de ramonville"/>
				<action filter="dimaprem" gesture="double_tap" protocol="tts" value="Trentième festival de rue de ramonville"/>
				<action filter="dimsoir" gesture="double_tap" protocol="tts" value="Trentième festival de rue de ramonville"/>
			</actions>
		</poi>
		<poi id="avenuetolosane">
			<actions>
				<action filter="f1" gesture="double_tap" protocol="tts" value="Avenue tolosane"/>
				<action filter="vendsoir" gesture="double_tap" protocol="tts" value="Avenue tolosane"/>
				<action filter="samaprem" gesture="double_tap" protocol="tts" value="Avenue tolosane"/>
				<action filter="samsoir" gesture="double_tap" protocol="tts" value="Avenue tolosane"/>
				<action filter="dimaprem" gesture="double_tap" protocol="tts" value="Avenue tolosane"/>
				<action filter="dimsoir" gesture="double_tap" protocol="tts" value="Avenue tolosane"/>
			</actions>
		</poi>
		<poi id="ruesanguinettes">
			<actions>
				<action filter="f1" gesture="double_tap" protocol="tts" value="Rue des sanguinettes"/>
				<action filter="vendsoir" gesture="double_tap" protocol="tts" value="Rue des sanguinettes"/>
				<action filter="samaprem" gesture="double_tap" protocol="tts" value="Rue des sanguinettes"/>
				<action filter="samsoir" gesture="double_tap" protocol="tts" value="Rue des sanguinettes"/>
				<action filter="dimaprem" gesture="double_tap" protocol="tts" value="Rue des sanguinettes"/>
				<action filter="dimsoir" gesture="double_tap" protocol="tts" value="Rue des sanguinettes"/>
			</actions>
		</poi>
		<poi id="placemarnac">
			<actions>
				<action filter="f1" gesture="double_tap" protocol="tts" value="Place marnac"/>
				<action filter="vendsoir" gesture="double_tap" protocol="tts" value="Place marnac"/>
				<action filter="samaprem" gesture="double_tap" protocol="tts" value="Place marnac"/>
				<action filter="samsoir" gesture="double_tap" protocol="tts" value="Place marnac"/>
				<action filter="dimaprem" gesture="double_tap" protocol="tts" value="Place marnac"/>
				<action filter="dimsoir" gesture="double_tap" protocol="tts" value="Place marnac"/>
			</actions>
		</poi>
		<poi id="avenueoccitanie">
			<actions>
				<action filter="f1" gesture="double_tap" protocol="tts" value="Avenue de l'occitanie"/>
				<action filter="vendsoir" gesture="double_tap" protocol="tts" value="Avenue de l'occitanie"/>
				<action filter="samaprem" gesture="double_tap" protocol="tts" value="Avenue de l'occitanie"/>
				<action filter="samsoir" gesture="double_tap" protocol="tts" value="Avenue de l'occitanie"/>
				<action filter="dimaprem" gesture="double_tap" protocol="tts" value="Avenue de l'occitanie"/>
				<action filter="dimsoir" gesture="double_tap" protocol="tts" value="Avenue de l'occitanie"/>
			</actions>
		</poi>
		<poi id="avenueoccitanie2">
			<actions>
				<action filter="f1" gesture="double_tap" protocol="tts" value="Avenue de l'occitanie"/>
				<action filter="vendsoir" gesture="double_tap" protocol="tts" value="Avenue de l'occitanie"/>
				<action filter="samaprem" gesture="double_tap" protocol="tts" value="Avenue de l'occitanie"/>
				<action filter="samsoir" gesture="double_tap" protocol="tts" value="Avenue de l'occitanie"/>
				<action filter="dimaprem" gesture="double_tap" protocol="tts" value="Avenue de l'occitanie"/>
				<action filter="dimsoir" gesture="double_tap" protocol="tts" value="Avenue de l'occitanie"/>
			</actions>
		</poi>
		<poi id="alleepompidou">
			<actions>
				<action filter="f1" gesture="double_tap" protocol="tts" value="Allées Georges Pompidou"/>
				<action filter="vendsoir" gesture="double_tap" protocol="tts" value="Allées Georges Pompidou"/>
				<action filter="samaprem" gesture="double_tap" protocol="tts" value="Allées Georges Pompidou"/>
				<action filter="samsoir" gesture="double_tap" protocol="tts" value="Allées Georges Pompidou"/>
				<action filter="dimaprem" gesture="double_tap" protocol="tts" value="Allées Georges Pompidou"/>
				<action filter="dimsoir" gesture="double_tap" protocol="tts" value="Allées Georges Pompidou"/>
			</actions>
		</poi>
		<poi id="ruedubac">
			<actions>
				<action filter="f1" gesture="double_tap" protocol="tts" value="Rue du bac"/>
				<action filter="vendsoir" gesture="double_tap" protocol="tts" value="Rue du bac"/>
				<action filter="samaprem" gesture="double_tap" protocol="tts" value="Rue du bac"/>
				<action filter="samsoir" gesture="double_tap" protocol="tts" value="Rue du bac"/>
				<action filter="dimaprem" gesture="double_tap" protocol="tts" value="Rue du bac"/>
				<action filter="dimsoir" gesture="double_tap" protocol="tts" value="Rue du bac"/>
			</actions>
		</poi>
		<poi id="ruepinsons">
			<actions>
				<action filter="f1" gesture="double_tap" protocol="tts" value="Rue des pinsons"/>
				<action filter="vendsoir" gesture="double_tap" protocol="tts" value="Rue des pinsons"/>
				<action filter="samaprem" gesture="double_tap" protocol="tts" value="Rue des pinsons"/>
				<action filter="samsoir" gesture="double_tap" protocol="tts" value="Rue des pinsons"/>
				<action filter="dimaprem" gesture="double_tap" protocol="tts" value="Rue des pinsons"/>
				<action filter="dimsoir" gesture="double_tap" protocol="tts" value="Rue des pinsons"/>
			</actions>
		</poi>
		<poi id="routenationale">
			<actions>
				<action filter="f1" gesture="double_tap" protocol="tts" value="Route nationale, en contrebas"/>
				<action filter="vendsoir" gesture="double_tap" protocol="tts" value="Route nationale, en contrebas"/>
				<action filter="samaprem" gesture="double_tap" protocol="tts" value="Route nationale, en contrebas"/>
				<action filter="samsoir" gesture="double_tap" protocol="tts" value="Route nationale, en contrebas"/>
				<action filter="dimaprem" gesture="double_tap" protocol="tts" value="Route nationale, en contrebas"/>
				<action filter="dimsoir" gesture="double_tap" protocol="tts" value="Route nationale, en contrebas"/>
			</actions>
		</poi>
		<poi id="routenationale2">
			<actions>
				<action filter="f1" gesture="double_tap" protocol="tts" value="Route nationale, en contrebas"/>
				<action filter="vendsoir" gesture="double_tap" protocol="tts" value="Route nationale, en contrebas"/>
				<action filter="samaprem" gesture="double_tap" protocol="tts" value="Route nationale, en contrebas"/>
				<action filter="samsoir" gesture="double_tap" protocol="tts" value="Route nationale, en contrebas"/>
				<action filter="dimaprem" gesture="double_tap" protocol="tts" value="Route nationale, en contrebas"/>
				<action filter="dimsoir" gesture="double_tap" protocol="tts" value="Route nationale, en contrebas"/>
			</actions>
		</poi>
		<poi id="avenuekarben2">
			<actions>
				<action filter="f1" gesture="double_tap" protocol="tts" value="Avenue de Karben"/>
				<action filter="vendsoir" gesture="double_tap" protocol="tts" value="Avenue de Karben"/>
				<action filter="samaprem" gesture="double_tap" protocol="tts" value="Avenue de Karben"/>
				<action filter="samsoir" gesture="double_tap" protocol="tts" value="Avenue de Karben"/>
				<action filter="dimaprem" gesture="double_tap" protocol="tts" value="Avenue de Karben"/>
				<action filter="dimsoir" gesture="double_tap" protocol="tts" value="Avenue de Karben"/>
			</actions>
		</poi>
		<poi id="pontzuera">
			<actions>
				<action filter="f1" gesture="double_tap" protocol="tts" value="Pont de Zuuera"/>
				<action filter="vendsoir" gesture="double_tap" protocol="tts" value="Pont de Zuuera"/>
				<action filter="samaprem" gesture="double_tap" protocol="tts" value="Pont de Zuuera"/>
				<action filter="samsoir" gesture="double_tap" protocol="tts" value="Pont de Zuuera"/>
				<action filter="dimaprem" gesture="double_tap" protocol="tts" value="Pont de Zuuera"/>
				<action filter="dimsoir" gesture="double_tap" protocol="tts" value="Pont de Zuuera"/>
			</actions>
		</poi>
		<poi id="pontzuera3">
			<actions>
				<action filter="f1" gesture="double_tap" protocol="tts" value="Pont de Zuuera"/>
				<action filter="vendsoir" gesture="double_tap" protocol="tts" value="Pont de Zuuera"/>
				<action filter="samaprem" gesture="double_tap" protocol="tts" value="Pont de Zuuera"/>
				<action filter="samsoir" gesture="double_tap" protocol="tts" value="Pont de Zuuera"/>
				<action filter="dimaprem" gesture="double_tap" protocol="tts" value="Pont de Zuuera"/>
				<action filter="dimsoir" gesture="double_tap" protocol="tts" value="Pont de Zuuera"/>
			</actions>
		</poi>
		<poi id="passerelle">
			<actions>
				<action filter="f1" gesture="double_tap" protocol="tts" value="Passerelle"/>
				<action filter="vendsoir" gesture="double_tap" protocol="tts" value="Passerelle"/>
				<action filter="samaprem" gesture="double_tap" protocol="tts" value="Passerelle"/>
				<action filter="samsoir" gesture="double_tap" protocol="tts" value="Passerelle"/>
				<action filter="dimaprem" gesture="double_tap" protocol="tts" value="Passerelle"/>
				<action filter="dimsoir" gesture="double_tap" protocol="tts" value="Passerelle"/>
			</actions>
		</poi>
		<poi id="bordducanal">
			<actions>
				<action filter="f1" gesture="double_tap" protocol="tts" value="Bord du canal"/>
				<action filter="vendsoir" gesture="double_tap" protocol="tts" value="Bord du canal"/>
				<action filter="samaprem" gesture="double_tap" protocol="tts" value="Bord du canal"/>
				<action filter="samsoir" gesture="double_tap" protocol="tts" value="Bord du canal"/>
				<action filter="dimaprem" gesture="double_tap" protocol="tts" value="Bord du canal"/>
				<action filter="dimsoir" gesture="double_tap" protocol="tts" value="Bord du canal"/>
			</actions>
		</poi>
		<poi id="canal">
			<actions>
				<action filter="f1" gesture="double_tap" protocol="tts" value="Canal"/>
				<action filter="vendsoir" gesture="double_tap" protocol="tts" value="Canal"/>
				<action filter="samaprem" gesture="double_tap" protocol="tts" value="Canal"/>
				<action filter="samsoir" gesture="double_tap" protocol="tts" value="Canal"/>
				<action filter="dimaprem" gesture="double_tap" protocol="tts" value="Canal"/>
				<action filter="dimsoir" gesture="double_tap" protocol="tts" value="Canal"/>
			</actions>
		</poi>
		<poi id="1">
			<actions>
				<action filter="f1" gesture="double_tap" protocol="tts" value="Place Jean Jaurès"/>
				<action filter="f1" gesture="long_tap" protocol="tts" value="Ce soir sur la place Jean Jaurès, de 19h à 19h30, concert de Monsieur le directeur. De 20h15 à 20h55, Pelat, par la compagnie Joan Catala, Cirque, Tout Public. De 21h30 à 22h30, Voyage en bordure du bout du monde par la compagnie les 3 points de suspension, Théâtre forain débridé, à partir de 6 ans. De 22h45 à minuit 45, concert de Pulcinéla. Et en fil rouge radiophonique, Radio Ramon."/>
				<action filter="vendsoir" gesture="double_tap" protocol="tts" value="Place Jean Jaurès"/>
				<action filter="vendsoir" gesture="long_tap" protocol="tts" value="Vendredi soir sur la place Jean Jaurès, de 19h à 19h30, concert de Monsieur le directeur. De 20h15 à 20h55, Pelat, par la compagnie Joan Catala, Cirque, Tout Public. De 21h30 à 22h30, Voyage en bordure du bout du monde par la compagnie les 3 points de suspension, Théâtre forain débridé, à partir de 6 ans. De 22h45 à minuit 45, concert de Pulcinéla. Et en fil rouge radiophonique, Radio Ramon."/>
				<action filter="samaprem" gesture="double_tap" protocol="tts" value="Place Jean Jaurès"/>
				<action filter="samaprem" gesture="long_tap" protocol="tts" value="Samedi après midi sur la place Jean Jaurès, de 14h45 à 15h30, concert de Monsieur Le Directeur. De 15h30 à 16h05, Dad is Dead!, de la compagnie Mathieu Ma Fille Foundation, Cirque, à partir de 12 ans. De 16h15 à 16h35, 6 lieux inouïs, par la compagnie Chinche Musgo, Tout Public. De 16h45 à 17H15, Copyleft, par la compagnie Nicanor de Elia, Jonglage, Tout Public. De 17h45 à 18h25, Pelat, par la compagnie Joan Catala, Cirque, Tout Public. Et en fil rouge radiophonique, Radio Ramon."/>
				<action filter="samsoir" gesture="double_tap" protocol="tts" value="Place Jean Jaurès"/>
				<action filter="samsoir" gesture="long_tap" protocol="tts" value="Samedi soir sur la place Jean Jaurès, de 19h45 à 20h45, concert de Pea Punch. De 19h à 19h35, Dad is Dead!, de la compagnie Mathieu Ma Fille Foundation, Cirque, à partir de 12 ans. De 21h à 22h00, Voyage en bordure du bout du monde par la compagnie les 3 points de suspension, Théâtre forain débridé, à partir de 6 ans. De 22h15 à 23h45, concert de Pixvae. Et en fil rouge radiophonique, Radio Ramon."/>
				<action filter="dimaprem" gesture="double_tap" protocol="tts" value="Place Jean Jaurès"/>
				<action filter="dimaprem" gesture="long_tap" protocol="tts" value="Dimanche après midi sur la place Jean Jaurès, de 14h30 à 14h50, 6 lieux inouïs, par la compagnie Chinche Musgo, Tout Public. De 15h à 15h35 et de 17h45 à 18h20, Dad is Dead!, de la compagnie Mathieu Ma Fille Foundation, Cirque, à partir de 12 ans. De 16h à 16h30, concert des Frères Pouetards, Tout Plublic. De 16h30 à 17h20, Pelat, par la compagnie Joan Catala, Cirque, Tout Public. Et en fil rouge radiophonique, Radio Ramon."/>
				<action filter="dimsoir" gesture="double_tap" protocol="tts" value="Place Jean Jaurès"/>
				<action filter="dimsoir" gesture="long_tap" protocol="tts" value="Dimanche soir sur la place Jean Jaurès, de 19h à 20h, concert de Monsieur Le Directeur.  De 20h30 à 21h30, Immortels, le Nid, de la compagnie Adhok, Théâtre chorégraphié. Et en fil rouge radiophonique, Radio Ramon."/>
			</actions>
		</poi>
		<poi id="2">
			<actions>
				<action filter="f1" gesture="double_tap" protocol="tts" value="Espace Chap' Arto"/>
				<action filter="f1" gesture="long_tap" protocol="tts" value="Aucune activité ce soir à l'espace Chap'Arto."/>
				<action filter="vendsoir" gesture="double_tap" protocol="tts" value="Espace Chap' Arto"/>
				<action filter="vendsoir" gesture="long_tap" protocol="tts" value="Aucune activité vendredi soir à l'espace Chap'Arto."/>
				<action filter="samaprem" gesture="double_tap" protocol="tts" value="Espace Chap' Arto"/>
				<action filter="samaprem" gesture="long_tap" protocol="tts" value="Aucune activité samedi après-midi à l'espace Chap'Arto."/>
				<action filter="samsoir" gesture="double_tap" protocol="tts" value="Espace Chap' Arto"/>
				<action filter="samsoir" gesture="long_tap" protocol="tts" value="Samedi soir à l'espace Chap'Arto, de minuit à 1h30 concert de Georges profonde."/>
				<action filter="dimaprem" gesture="double_tap" protocol="tts" value="Espace Chap' Arto"/>
				<action filter="dimaprem" gesture="long_tap" protocol="tts" value="Aucune activité dimanche après-midi à l'espace Chap'Arto."/>
				<action filter="dimsoir" gesture="double_tap" protocol="tts" value="Espace Chap' Arto"/>
				<action filter="dimsoir" gesture="long_tap" protocol="tts" value="DImanche soir à l'espace Chap'Arto, de 22h à 23h20 spectacle de Didier Super, à partir de 12 ans. "/>
			</actions>
		</poi>
		<poi id="3">
			<actions>
				<action filter="f1" gesture="double_tap" protocol="tts" value="Cuvette Zuuera, 5 minutes de marche."/>
				<action filter="f1" gesture="long_tap" protocol="tts" value="Aucune activité ce soir à la cuvette Zuuera."/>
				<action filter="vendsoir" gesture="double_tap" protocol="tts" value="Cuvette Zuuera, 5 minutes de marche."/>
				<action filter="vendsoir" gesture="long_tap" protocol="tts" value="Aucune activité vendredi soir à la cuvette Zuuera."/>
				<action filter="samaprem" gesture="double_tap" protocol="tts" value="Cuvette Zuuera, 5 minutes de marche."/>
				<action filter="samaprem" gesture="long_tap" protocol="tts" value="Samedi après midi, de 15h à 20h à la cuvette Zuuera, la 30ème Escouade par la compagnie du Thé à la Rue. Tout Public. "/>
				<action filter="samsoir" gesture="double_tap" protocol="tts" value="Cuvette Zuuera, 5 minutes de marche."/>
				<action filter="samsoir" gesture="long_tap" protocol="tts" value="Samedi jusqu'à 20h à la cuvette Zuuera, la 30ème Escouade par la compagnie du Thé à la Rue. Tout Public. "/>
				<action filter="dimaprem" gesture="double_tap" protocol="tts" value="Cuvette Zuuera, 5 minutes de marche."/>
				<action filter="dimaprem" gesture="long_tap" protocol="tts" value="Dimanche après midi, de 14h à 19h à la cuvette Zuuera, la 30ème Escouade, par la compagnie du Thé à la Rue. Tout Public. "/>
				<action filter="dimsoir" gesture="double_tap" protocol="tts" value="Cuvette Zuuera, 5 minutes de marche."/>
				<action filter="dimsoir" gesture="long_tap" protocol="tts" value="Dimanche jusqu'à 19h à la cuvette Zuuera, la 30ème Escouade par la compagnie du Thé à la Rue. Tout Public. "/>
			</actions>
		</poi>
		<poi id="4">
			<actions>
				<action filter="f1" gesture="double_tap" protocol="tts" value="Square à mômes, 7 minutes de marche."/>
				<action filter="f1" gesture="long_tap" protocol="tts" value="Aucune activité ce soir au square à mômes."/>
				<action filter="vendsoir" gesture="double_tap" protocol="tts" value="Square à mômes, 7 minutes de marche."/>
				<action filter="vendsoir" gesture="long_tap" protocol="tts" value="Aucune activité vendredi soir au square à mômes."/>
				<action filter="samaprem" gesture="double_tap" protocol="tts" value="Square à mômes, 7 minutes de marche."/>
				<action filter="samaprem" gesture="long_tap" protocol="tts" value="Samedi après midi, au square à mômes, de 15h à 15h20 et de 17h à 17h20, O S K par l'école de danse hip-hop LAB, Tout Public.De 15h30 à 18h30, Enginys Eko-Poètiks, par la compagnie Katakrak, Jeux insolites, à partir de 6 ans. De 16h à 16h50, Peronnille, par la compagnie Dis donc, épopéé Chevaleresque, à partir de 5 ans. Et en continu à partir de 15h30, le Manège du contrevent par la compagnie Grandet douglas, Tout Public."/>
				<action filter="samsoir" gesture="double_tap" protocol="tts" value="Square à mômes, 7 minutes de marche."/>
				<action filter="samsoir" gesture="long_tap" protocol="tts" value="Samedi soir, au square à mômes, De 18h15h à 19h05, Peronnille, par la compagnie Dis donc, épopéé Chevaleresque, à partir de 5 ans. De 19h à 19h20, O S K par l'école de danse hip-kop LAB, Tout Public. Et en continu jusqu'à 20h15, le Manège du contrevent par la compagnie Grandet douglas, Tout Public."/>
				<action filter="dimaprem" gesture="double_tap" protocol="tts" value="Square à mômes, 7 minutes de marche."/>
				<action filter="dimaprem" gesture="long_tap" protocol="tts" value="Dimanche après midi, au square à mômes, de 11h à 12h et de 14h30 à 19h15, le Manège du contrevent par la compagnie Grandet douglas, Tout Public. De 11h à 12h30 et de 14h30 à 18h, Enginys Eko-Poètiks, par la compagnie Katakrak, Jeux insolites, à partir de 6 ans. De 12h à 12h50 et de 15h à 15h50, Histoire d'une mouette et du chat qui lui apprit à voler, par la compagnie La Bouillonnante, Conte musical, à partir de 6 ans. Et de 14h à 14h20, de 16h à 16h20 et de 17h30 à 17h50, O S K par l'école de danse hip-kop LAB, Tout Public."/>
				<action filter="dimsoir" gesture="double_tap" protocol="tts" value="Square à mômes, 7 minutes de marche."/>
				<action filter="dimsoir" gesture="long_tap" protocol="tts" value="Dimanche soir au square à mômes, jusqu'à 19h15, le Manège du contrevent par la compagnie Grandet douglas, Tout Public. De 18h à 18h50, Peronnille, par la compagnie Dis donc, épopéé Chevaleresque, à partir de 5 ans. Et de 19h15 à 19h35, O S K par l'école de danse hip-kop LAB, Tout Public."/>
			</actions>
		</poi>

		<poi id="6">
			<actions>
				<action filter="f1" gesture="double_tap" protocol="tts" value="Jardin des sanguinettes, 15 minutes de marche."/>
				<action filter="f1" gesture="long_tap" protocol="tts" value="Aucune activité ce soir au jardin des sanguinettes."/>
				<action filter="vendsoir" gesture="double_tap" protocol="tts" value="Jardin des sanguinettes, 15 minutes de marche."/>
				<action filter="vendsoir" gesture="long_tap" protocol="tts" value="Aucune activité vendredi soir au jardin des sanguinettes."/>
				<action filter="samaprem" gesture="double_tap" protocol="tts" value="Jardin des sanguinettes, 15 minutes de marche."/>
				<action filter="samaprem" gesture="long_tap" protocol="tts" value="Samedi après-midi, au Jardin des Sanguinettes, de 17h45 à 18h15, concert de la Fanfare des chalets."/>
				<action filter="samsoir" gesture="double_tap" protocol="tts" value="Jardin des sanguinettes, 15 minutes de marche."/>
				<action filter="samsoir" gesture="long_tap" protocol="tts" value="Samedi soir, au Jardin des Sanguinettes, de 20h à 20h20, 6 lieux inouïs, par la compagnie Chinche Musgo, Tout Public. Et de 20h30 à 21h00, concert de la Fanfare des chalets."/>
				<action filter="dimaprem" gesture="double_tap" protocol="tts" value="Jardin des sanguinettes, 15 minutes de marche."/>
				<action filter="dimaprem" gesture="long_tap" protocol="tts" value="Dimanche après-midi au jardin des Sanguinettes, de 17h à 17h30, concert de Monsieur Le Directeur, Tout Public."/>
				<action filter="dimsoir" gesture="double_tap" protocol="tts" value="Jardin des sanguinettes, 15 minutes de marche."/>
				<action filter="dimsoir" gesture="long_tap" protocol="tts" value="Dimanche soir au Jardin des Sanguinettes, de 20h à 20h20, 6 lieux inouïs, par la compagnie Chinche Musgo, Tout Public."/>
			</actions>
		</poi>
		<poi id="7">
			<actions>
				<action filter="f1" gesture="double_tap" protocol="tts" value="Petite cour du centre, 10 minutes de marche."/>
				<action filter="f1" gesture="long_tap" protocol="tts" value="Aucune activité ce soir à la petite cour du centre."/>
				<action filter="vendsoir" gesture="double_tap" protocol="tts" value="Petite cour du centre, 10 minutes de marche."/>
				<action filter="vendsoir" gesture="long_tap" protocol="tts" value="Aucune activité vendredi soir à la petite cour du centre."/>
				<action filter="samaprem" gesture="double_tap" protocol="tts" value="Petite cour du centre, 10 minutes de marche."/>
				<action filter="samaprem" gesture="long_tap" protocol="tts" value="Samedi après-midi à la petite cour du centre, de 15h45 à 16h45, More Aura, de l'association des clous, Théâtre clownesque, à partir de 10 ans."/>
				<action filter="samsoir" gesture="double_tap" protocol="tts" value="Petite cour du centre, 10 minutes de marche."/>
				<action filter="samsoir" gesture="long_tap" protocol="tts" value="Samedi soir à la petite cour du centre, de 19h à 20h, More Aura, de l'association des clous, Théâtre clownesque, à partir de 10 ans."/>
				<action filter="dimaprem" gesture="double_tap" protocol="tts" value="Petite cour du centre, 10 minutes de marche."/>
				<action filter="dimaprem" gesture="long_tap" protocol="tts" value="Dimanche après-midi à la petite cour du centre, de 16h à 17h, More Aura, de l'association des clous, Théâtre clownesque, à partir de 10 ans."/>
				<action filter="dimsoir" gesture="double_tap" protocol="tts" value="Petite cour du centre, 10 minutes de marche."/>
				<action filter="dimsoir" gesture="long_tap" protocol="tts" value="Dimanche soir à la petite cour du centre, de 19h à 20h, More Aura, de l'association des clous, Théâtre clownesque, à partir de 10 ans."/>
			</actions>
		</poi>
		<poi id="8">
			<actions>
				<action filter="f1" gesture="double_tap" protocol="tts" value="Grande cour du centre, 12 minutes de marche."/>
				<action filter="f1" gesture="long_tap" protocol="tts" value="Aucune activité ce soir à la grande cour du centre."/>
				<action filter="vendsoir" gesture="double_tap" protocol="tts" value="Grande cour du centre, 12 minutes de marche."/>
				<action filter="vendsoir" gesture="long_tap" protocol="tts" value="Aucune activité vendredi soir à la grande cour du centre."/>
				<action filter="samaprem" gesture="double_tap" protocol="tts" value="Grande cour du centre, 12 minutes de marche."/>
				<action filter="samaprem" gesture="long_tap" protocol="tts" value="Samedi après midi à la grande cour du centre, de 14h45 à 15h20, DEAÏ, de la compagnie Simon Simone, Danse, à partir de 4 ans. Et de 16h45 à 17h50, Ami(s) de la compagnie Déjà, Instospection théatro-canine, à partir de 10 ans."/>
				<action filter="samsoir" gesture="double_tap" protocol="tts" value="Grande cour du centre, 12 minutes de marche."/>
				<action filter="samsoir" gesture="long_tap" protocol="tts" value="Samedi soir à la grande cour du centre, de 18h15 à 18h50, DEAÏ, de la compagnie Simon Simone, Danse, à partir de 4 ans. Et de 22h30 à 23h35, Ami(s) de la compagnie Déjà, Instospection théatro-canine, à partir de 10 ans."/>
				<action filter="dimaprem" gesture="double_tap" protocol="tts" value="Grande cour du centre, 12 minutes de marche."/>
				<action filter="dimaprem" gesture="long_tap" protocol="tts" value="Dimanche après midi à la grande cour du centre, de 14h à 15h10, Funérailles de Giovanna, de la compagnie Quartier Lapin, Cabaret Clown. De 15h15 à 15h50, DEAÏ, de la compagnie Simon Simone, Danse, à partir de 4 ans. Et de 17h15 à 18h20, Ami(s) de la compagnie Déjà, Instospection théatro-canine, à partir de 10 ans."/>
				<action filter="dimsoir" gesture="double_tap" protocol="tts" value="Grande cour du centre, 12 minutes de marche."/>
				<action filter="dimsoir" gesture="long_tap" protocol="tts" value="Dimanche soir à la grande cour du centre, de 18h15 à 18h50, DEAÏ, de la compagnie Simon Simone, Danse, à partir de 4 ans. Et de 22h15 à 23h20, Ami(s) de la compagnie Déjà, Instospection théatro-canine, à partir de 10 ans."/>
			</actions>
		</poi>
		<poi id="9">
			<actions>
				<action filter="f1" gesture="double_tap" protocol="tts" value="Mairie, 15 minutes de marche."/>
				<action filter="f1" gesture="long_tap" protocol="tts" value="Ce soir, à la mairie, de 23h15 à minuit 30, Paco Chante la Paix, par la compagnie Spectralex, Concert surexcité pur sauver la paix."/>
				<action filter="vendsoir" gesture="double_tap" protocol="tts" value="Mairie, 15 minutes de marche."/>
				<action filter="vendsoir" gesture="long_tap" protocol="tts" value="Vendredi à la mairie, de 23h15 à minuit 30, Paco Chante la Paix, par la compagnie Spectralex, Concert surexcité pur sauver la paix."/>
				<action filter="samaprem" gesture="double_tap" protocol="tts" value="Mairie, 15 minutes de marche."/>
				<action filter="samaprem" gesture="long_tap" protocol="tts" value="Samedi après-midi, à la mairie, de 16h30 à 18h15, Canoan contre le roi Vomiir #1, par la compagnie Spectralex, Péplum en 4 parties, à partir de 10 ans."/>
				<action filter="samsoir" gesture="double_tap" protocol="tts" value="Mairie, 15 minutes de marche."/>
				<action filter="samsoir" gesture="long_tap" protocol="tts" value="Samedi soir, à la mairie, de 20h30 à 22h15, Canoan contre le roi Vomiir #2, par la compagnie Spectralex, Péplum en 4 parties, à partir de 10 ans. Et de 23h30 à minuit 45, concert-spectacle de Marc Prépus, à partir de 7 ans."/>
				<action filter="dimaprem" gesture="double_tap" protocol="tts" value="Mairie, 15 minutes de marche."/>
				<action filter="dimaprem" gesture="long_tap" protocol="tts" value="Dimanche après-midi, à la mairie, de 14h15 à 16h, Canoan contre le roi Vomiir #3, par la compagnie Spectralex, Péplum en 4 parties, à partir de 10 ans."/>
				<action filter="dimsoir" gesture="double_tap" protocol="tts" value="Mairie, 15 minutes de marche."/>
				<action filter="dimsoir" gesture="long_tap" protocol="tts" value="Dimanche soir, à la mairie, de 18h15 à 20h, Canoan contre le roi Vomiir #4, par la compagnie Spectralex, Péplum en 4 parties, à partir de 10 ans. Et de 20h45 à 22h, concert-spectacle de Marc Prépus, à partir de 7 ans."/>
			</actions>
		</poi>
		<poi id="10">
			<actions>
				<action filter="f1" gesture="double_tap" protocol="tts" value="Piscine, 12 minutes de marche."/>
				<action filter="f1" gesture="long_tap" protocol="tts" value="Aucune activité ce soir à la piscine"/>
				<action filter="vendsoir" gesture="double_tap" protocol="tts" value="Piscine, 12 minutes de marche."/>
				<action filter="vendsoir" gesture="long_tap" protocol="tts" value="Aucune activité vendredi soir à la piscine"/>
				<action filter="samaprem" gesture="double_tap" protocol="tts" value="Piscine, 12 minutes de marche."/>
				<action filter="samaprem" gesture="long_tap" protocol="tts" value="Samedi après midi, à la piscine, de 17h15 à 18h05, Chorale Public par la compagnie Label Z, Chorale de rue, à partir 8 ans. Et de 16h à 17h, 3 hippos campent chez ta mère, de la compagnie LIDO, Cirque, Tout Public."/>
				<action filter="samsoir" gesture="double_tap" protocol="tts" value="Piscine, 12 minutes de marche."/>
				<action filter="samsoir" gesture="long_tap" protocol="tts" value="Samedi soir, à la piscine, de 18h30 à 20h00, Poste Vacant, par la compagnie LIDO, Cirque, Tout Public. De 20h45 à 21h25 et de 23h30 à minuit 10, L'accoudoir, par la compagnie Mal de Terre, Cirque, à partir de 8 ans."/>
				<action filter="dimaprem" gesture="double_tap" protocol="tts" value="Piscine, 12 minutes de marche."/>
				<action filter="dimaprem" gesture="long_tap" protocol="tts" value="Dimanche après-midi, à la piscine, de 14h30 à 15h20, Chorale Public par la compagnie Label Z, Chorale de rue, à partir 8 ans. De 15h30 à 16h15, Une ombre au tableau, par la compagnie du LIDO, Cirque, Tout Public. Et de 16h30 à 17h20, L'accoudoir, par la compagnie Mal de Terre, Cirque, à partir de 8 ans."/>
				<action filter="dimsoir" gesture="double_tap" protocol="tts" value="Piscine, 12 minutes de marche."/>
				<action filter="dimsoir" gesture="long_tap" protocol="tts" value="Dimanche soir, à la piscine, de 18h à 19h30, Poste Vacant, par la compagnie du LIDO, Cirque, Tout Public. Et de 21h à 21h50, L'accoudoir, par la compagnie Mal de Terre, Cirque, à partir de 8 ans."/>
			</actions>
		</poi>
		<poi id="11">
			<actions>
				<action filter="f1" gesture="double_tap" protocol="tts" value="Place Karben, 7 minutes de marche."/>
				<action filter="f1" gesture="long_tap" protocol="tts" value="Aucune activité ce soir place Karben."/>
				<action filter="vendsoir" gesture="double_tap" protocol="tts" value="Place Karben, 7 minutes de marche."/>
				<action filter="vendsoir" gesture="long_tap" protocol="tts" value="Aucune activité vendredi soir place Karben."/>
				<action filter="samaprem" gesture="double_tap" protocol="tts" value="Place Karben, 7 minutes de marche."/>
				<action filter="samaprem" gesture="long_tap" protocol="tts" value="Aucune activité samedi après-midi place Karben."/>
				<action filter="samsoir" gesture="double_tap" protocol="tts" value="Place Karben, 7 minutes de marche."/>
				<action filter="samsoir" gesture="long_tap" protocol="tts" value="Samedi soir, place Karben, de 18h à 18h20, 6 lieux inouïs, par la compagnie Chinche Musgo, Tout Public. De 19h15 à 19h45, concert de la Fanfare des chalets. Et de 19h45 à 20h45, concert de Monsieur le directeur, à partir de 6 ans."/>
				<action filter="dimaprem" gesture="double_tap" protocol="tts" value="Place Karben, 7 minutes de marche."/>
				<action filter="dimaprem" gesture="long_tap" protocol="tts" value="Dimanche après-midi, place Karben, de 12h30 à 12h50, 6 lieux inouïs, par la compagnie Chinche Musgo, Tout Public. De 13h à 13h45, concert de Monsieur le directeur, à partir de 6 ans. Et en fil rouge radiophonique à partir de 12h30, Radio Ramon."/>
				<action filter="dimsoir" gesture="double_tap" protocol="tts" value="Place Karben, 7 minutes de marche."/>
				<action filter="dimsoir" gesture="long_tap" protocol="tts" value="Dimanche soir, place Karben, de 18h à 18h20, 6 lieux inouïs, par la compagnie Chinche Musgo, Tout Public. De 20h à 20h30, concert des Frères Pouetards, Tout Public."/>
			</actions>
		</poi>
		<poi id="12">
			<actions>
				<action filter="f1" gesture="double_tap" protocol="tts" value="Gymnase, 12 minutes de marche."/>
				<action filter="f1" gesture="long_tap" protocol="tts" value="Aucune activité ce soir au gymnase."/>
				<action filter="vendsoir" gesture="double_tap" protocol="tts" value="Gymnase, 12 minutes de marche."/>
				<action filter="vendsoir" gesture="long_tap" protocol="tts" value="Aucune activité vendredi soir au gymnase."/>
				<action filter="samaprem" gesture="double_tap" protocol="tts" value="Gymnase, 12 minutes de marche."/>
				<action filter="samaprem" gesture="long_tap" protocol="tts" value="Aucune activité samedi après-midi au gymnase."/>
				<action filter="samsoir" gesture="double_tap" protocol="tts" value="Gymnase, 12 minutes de marche."/>
				<action filter="samsoir" gesture="long_tap" protocol="tts" value="Samedi soir, au gymnase, de 22h30 à 23h20, Chorale Public de la compagnie Label Z, Chorale de rue, à partir de 8 ans."/>
				<action filter="dimaprem" gesture="double_tap" protocol="tts" value="Gymnase, 12 minutes de marche."/>
				<action filter="dimaprem" gesture="long_tap" protocol="tts" value="Aucune activité dimanche après-midi au gymnase."/>
				<action filter="dimsoir" gesture="double_tap" protocol="tts" value="Gymnase, 12 minutes de marche."/>
				<action filter="dimsoir" gesture="long_tap" protocol="tts" value="Dimanche soir, au gymnase, de 19h à 19h50, Chorale Public de la compagnie Label Z, Chorale de rue, à partir de 8 ans."/>
			</actions>
		</poi>
		<poi id="13">
			<actions>
				<action filter="f1" gesture="double_tap" protocol="tts" value="Allée des sables, caravane et informations, 12 minutes de marche."/>
				<action filter="f1" gesture="long_tap" protocol="tts" value="Aucune activité ce soir allée des Sables."/>
				<action filter="vendsoir" gesture="double_tap" protocol="tts" value="Allée des sables, caravane et informations, 12 minutes de marche."/>
				<action filter="vendsoir" gesture="long_tap" protocol="tts" value="Aucune activité vendredi soir allée des Sables."/>
				<action filter="samaprem" gesture="double_tap" protocol="tts" value="Allée des sables, caravane et informations, 12 minutes de marche."/>
				<action filter="samaprem" gesture="long_tap" protocol="tts" value="Samedi après-midi, allée des Sables, à partir de 14h30, Le village de Caracole, Tout Public. Et de 16h45 à 17h55, Palabre de la Mio Company, Cirque de proximité, à partir de 8 ans."/>
				<action filter="samsoir" gesture="double_tap" protocol="tts" value="Allée des sables, caravane et informations, 12 minutes de marche."/>
				<action filter="samsoir" gesture="long_tap" protocol="tts" value="Samedi soir, allée des Sables, jusqu'à minuit, Le village de Caracole, Tout Public."/>
				<action filter="dimaprem" gesture="double_tap" protocol="tts" value="Allée des sables, caravane et informations, 12 minutes de marche."/>
				<action filter="dimaprem" gesture="long_tap" protocol="tts" value="Dimanche après-midi, allée des Sables, à partir de 11h, Le village de Caracole, Tout Public. De 12h15 à 13h25 et de 17h45 à 18h55, Palabre de la Mio Company, Cirque de proximité, à partir de 8 ans. Et à 13h30, 14h, 14h30 et 15h, Conférences de poche, de la compagnie NOKILL, Conférence poétique, à partir de 12 ans."/>
				<action filter="dimsoir" gesture="double_tap" protocol="tts" value="Allée des sables, caravane et informations, 12 minutes de marche."/>
				<action filter="dimsoir" gesture="long_tap" protocol="tts" value="Aucune activité dimanche soir allée des sables."/>
			</actions>
		</poi>
		<poi id="14">
			<actions>
				<action filter="f1" gesture="double_tap" protocol="tts" value="Place du canal, 20 minutes de marche."/>
				<action filter="f1" gesture="long_tap" protocol="tts" value="Aucune activité ce soir Place du canal pour cette édition."/>
				<action filter="vendsoir" gesture="double_tap" protocol="tts" value="Place du canal, 20 minutes de marche."/>
				<action filter="vendsoir" gesture="long_tap" protocol="tts" value="Aucune activité Place du canal pour cette édition."/>
				<action filter="samaprem" gesture="double_tap" protocol="tts" value="Place du canal, 20 minutes de marche."/>
				<action filter="samaprem" gesture="long_tap" protocol="tts" value="Aucune activité Place du canal pour cette édition."/>
				<action filter="samsoir" gesture="double_tap" protocol="tts" value="Place du canal, 20 minutes de marche."/>
				<action filter="samsoir" gesture="long_tap" protocol="tts" value="Aucune activité Place du canal pour cette édition."/>
				<action filter="dimaprem" gesture="double_tap" protocol="tts" value="Place du canal, 20 minutes de marche."/>
				<action filter="dimaprem" gesture="long_tap" protocol="tts" value="Aucune activité Place du canal pour cette édition."/>
				<action filter="dimsoir" gesture="double_tap" protocol="tts" value="Place du canal, 20 minutes de marche."/>
				<action filter="dimsoir" gesture="long_tap" protocol="tts" value="Aucune activité Place du canal pour cette édition."/>
			</actions>
		</poi>
		<poi id="15">
			<actions>
				<action filter="f1" gesture="double_tap" protocol="tts" value="La Treille, 25 minutes de marche."/>
				<action filter="f1" gesture="long_tap" protocol="tts" value="Aucune activité ce soir à la Treille."/>
				<action filter="vendsoir" gesture="double_tap" protocol="tts" value="La Treille, 25 minutes de marche."/>
				<action filter="vendsoir" gesture="long_tap" protocol="tts" value="Aucune activité vendredi soir à la Treille."/>
				<action filter="samaprem" gesture="double_tap" protocol="tts" value="La Treille, 25 minutes de marche."/>
				<action filter="samaprem" gesture="long_tap" protocol="tts" value="Aucune activité samedi après-midi à la Treille."/>
				<action filter="samsoir" gesture="double_tap" protocol="tts" value="La Treille, 25 minutes de marche."/>
				<action filter="samsoir" gesture="long_tap" protocol="tts" value="Samedi soir, proche de la Treille, au 24 rue Hermès, de 18h30 à 19h45, The Color of Time, par la compagnie Artonik, Parade dansée explosive, à partir de 3 ans."/>
				<action filter="dimaprem" gesture="double_tap" protocol="tts" value="La Treille, 25 minutes de marche."/>
				<action filter="dimaprem" gesture="long_tap" protocol="tts" value="Aucune activité dimanche après-midi à la Treille."/>
				<action filter="dimsoir" gesture="double_tap" protocol="tts" value="La Treille, 25 minutes de marche."/>
				<action filter="dimsoir" gesture="long_tap" protocol="tts" value="Aucune activité dimanche soir à la Treille."/>
			</actions>
		</poi>
		<poi id="16">
			<actions>
				<action filter="f1" gesture="double_tap" protocol="tts" value="Vers le Bikini et la ferme des 50, 40 minutes de marche."/>
				<action filter="f1" gesture="long_tap" protocol="tts" value="Aucune activité ce soir au Bikini pour cette édition."/>
				<action filter="vendsoir" gesture="double_tap" protocol="tts" value="Vers le Bikini et la ferme des 50, 40 minutes de marche."/>
				<action filter="vendsoir" gesture="long_tap" protocol="tts" value="Aucune activité au Bikini pour cette édition."/>
				<action filter="samaprem" gesture="double_tap" protocol="tts" value="Vers le Bikini et la ferme des 50, 40 minutes de marche."/>
				<action filter="samaprem" gesture="long_tap" protocol="tts" value="Aucune activité au Bikini pour cette édition."/>
				<action filter="samsoir" gesture="double_tap" protocol="tts" value="Vers le Bikini et la ferme des 50, 40 minutes de marche."/>
				<action filter="samsoir" gesture="long_tap" protocol="tts" value="Aucune activité au Bikini pour cette édition."/>
				<action filter="dimaprem" gesture="double_tap" protocol="tts" value="Vers le Bikini et la ferme des 50, 40 minutes de marche."/>
				<action filter="dimaprem" gesture="long_tap" protocol="tts" value="Aucune activité au Bikini pour cette édition."/>
				<action filter="dimsoir" gesture="double_tap" protocol="tts" value="Vers le Bikini et la ferme des 50, 40 minutes de marche."/>
				<action filter="dimsoir" gesture="long_tap" protocol="tts" value="Aucune activité au Bikini pour cette édition."/>
			</actions>
		</poi>

		<poi id="18">
			<actions>
				<action filter="f1" gesture="double_tap" protocol="tts" value="Place Pablo Picasso, 20 minutes de marche."/>
				<action filter="f1" gesture="long_tap" protocol="tts" value="Aucune activité ce soir place Pablo Picasso."/>
				<action filter="vendsoir" gesture="double_tap" protocol="tts" value="Place Pablo Picasso, 20 minutes de marche."/>
				<action filter="vendsoir" gesture="long_tap" protocol="tts" value="Aucune activité vendredi soir place Pablo Picasso."/>
				<action filter="samaprem" gesture="double_tap" protocol="tts" value="Place Pablo Picasso, 20 minutes de marche."/>
				<action filter="samaprem" gesture="long_tap" protocol="tts" value="Samedi après-midi, place Pablo Picasso de 15h à 16h, Primo Primate, par la compagnie les Soupirs Hâchés, Comédie à tiroirs, à partir de 10 ans."/>
				<action filter="samsoir" gesture="double_tap" protocol="tts" value="Place Pablo Picasso, 20 minutes de marche."/>
				<action filter="samsoir" gesture="long_tap" protocol="tts" value="Samedi soir, place Pablo Picasso de 18h30 à 19h30, Primo Primate, par la compagnie les Soupirs Hâchés, Comédie à tiroirs, à partir de 10 ans."/>
				<action filter="dimaprem" gesture="double_tap" protocol="tts" value="Place Pablo Picasso, 20 minutes de marche."/>
				<action filter="dimaprem" gesture="long_tap" protocol="tts" value="Dimanche après-midi, place Pablo Picasso de 14h à 15h et de 16h30 à 17h30, Primo Primate, par la compagnie les Soupirs Hâchés, Comédie à tiroirs, à partir de 10 ans. Et de 17h30 à 17h45, Conférences de poche, par la compagnie NOKILL, conférence poétique, à partir de 12 ans."/>
				<action filter="dimsoir" gesture="double_tap" protocol="tts" value="Place Pablo Picasso, 20 minutes de marche."/>
				<action filter="dimsoir" gesture="long_tap" protocol="tts" value="Dimanche soir, à 18h, 18h30 et 19h, Conférences de poche, par la compagnie NOKILL, conférence poétique, à partir de 12 ans."/>
			</actions>
		</poi>
		<poi id="billetterie">
			<actions>
				<action filter="f1" gesture="double_tap" protocol="tts" value="Point info, billetterie"/>
				<action filter="f1" gesture="long_tap" protocol="tts" value="Ce soir, à cette billeterie, billets à 5 euros et départ pour le spectacle Graceland, par la compagnie Bélé bélé, Road movie immobile, de 21h à 22h40, à partir de 10 ans. "/>
				<action filter="vendsoir" gesture="double_tap" protocol="tts" value="Point info, billetterie"/>
				<action filter="vendsoir" gesture="long_tap" protocol="tts" value="Vendredi soir, à cette billeterie, billets à 5 euros et départ pour le spectacle Graceland, par la compagnie Bélé bélé, Road movie immobile, de 21h à 22h40, à partir de 10 ans. "/>
				<action filter="samaprem" gesture="double_tap" protocol="tts" value="Point info, billetterie"/>
				<action filter="samaprem" gesture="long_tap" protocol="tts" value="Samedi après midi, à cette billeterie, réservation pour les Décontes du Quotidien et Autres Chroniques Féminines, par la compagnie Les Boudeuses, Voyage féminin, de 15h30 à 16h45, à partir de 8 ans. Et billets à 5 euros pour Mon grand oncle, par la compagnie Sebastian Lazennec, Théatre intimiste, de 16h30 à 17h15 et de 17h30 à 18h15, à partir de 8 ans."/>
				<action filter="samsoir" gesture="double_tap" protocol="tts" value="Point info, billetterie"/>
				<action filter="samsoir" gesture="long_tap" protocol="tts" value="Samedi soir, à cette billeterie, réservation pour les Décontes du Quotidien et Autres Chroniques Féminines, par la compagnie Les Boudeuses, Voyage féminin, de 18h45 à 20h, à partir de 8 ans. Billets à 5 euros pour Mon grand oncle, par la compagnie Sebastian Lazennec, Théatre intimiste, de 18h30 à 19h15, à partir de 8 ans. Billets à 5 euros pour ASILE CLUB, par la compagnie Marlène Lop et le collectif Balle Perdue, Flash de propagande poétique, de 19h à 20h30, à partir de 15 ans. Et billets à 5 euros pour Graceland, par la compagnie Bélé bélé, Road movie immobile, de 20h30 à 22h10, à partir de 10 ans. "/>
				<action filter="dimaprem" gesture="double_tap" protocol="tts" value="Point info, billetterie"/>
				<action filter="dimaprem" gesture="long_tap" protocol="tts" value="Dimanche après midi, à cette billeterie, réservation pour les Décontes du Quotidien et Autres Chroniques Féminines, par la compagnie Les Boudeuses, Voyage féminin, de 11h30 à 12h45 et de 15h à 16h15, à partir de 8 ans. Et billets à 5 euros pour Mon grand oncle, par la compagnie Sebastian Lazennec, Théatre intimiste, de 16h à 16h45 et de 17h à 17h45, à partir de 8 ans."/>
				<action filter="dimsoir" gesture="double_tap" protocol="tts" value="Point info, billetterie"/>
				<action filter="dimsoir" gesture="long_tap" protocol="tts" value="Dimanche soir, à cette billeterie, réservation pour les Décontes du Quotidien et Autres Chroniques Féminines, par la compagnie Les Boudeuses, Voyage féminin, de 18h30 à 19h45, à partir de 8 ans. Billets à 5 euros pour Mon grand oncle, par la compagnie Sebastian Lazennec, Théatre intimiste, de 18h à 18h45, à partir de 8 ans. Et billets à 5 euros pour ASILE CLUB, par la compagnie Marlène Lop et le collectif Balle Perdue, Flash de propagande poétique, de 19h à 20h30, à partir de 15 ans."/>
			</actions>
		</poi>
		<poi id="table">
			<actions>
				<action filter="f1" gesture="double_tap" protocol="tts" value="Vous êtes ici : point info, plan tactile interactif et billeterie"/>
				<action filter="f1" gesture="long_tap" protocol="tts" value="Aucun billet en vente ce soir à cette billeterie."/>
				<action filter="vendsoir" gesture="double_tap" protocol="tts" value="Vous êtes ici : point info, plan tactile interactif et billeterie"/>
				<action filter="vendsoir" gesture="long_tap" protocol="tts" value="Aucun billet en vente ce soir à cette billeterie."/>
				<action filter="samaprem" gesture="double_tap" protocol="tts" value="Vous êtes ici : point info, plan tactile interactif et billeterie"/>
				<action filter="samaprem" gesture="long_tap" protocol="tts" value="Samedi après-midi, à cette billeterie, inscription pour une sensibilisation au handicap visuel, animée par l'Institut des Jeunes Aveugles de 16h à 17h, Tout Public. Et inscription pour une Intitiation Langue des Signes Française de 17h à 18h, à partir de 6 ans."/>
				<action filter="samsoir" gesture="double_tap" protocol="tts" value="Vous êtes ici : point info, plan tactile interactif et billeterie"/>
				<action filter="samsoir" gesture="long_tap" protocol="tts" value=""/>
				<action filter="dimaprem" gesture="double_tap" protocol="tts" value="Vous êtes ici : point info, plan tactile interactif et billeterie"/>
				<action filter="dimaprem" gesture="long_tap" protocol="tts" value="Dimanche après-midi, à cette billeterie, inscription pour une sensibilisation au handicap visuel, animée par l'Institut des Jeunes Aveugles de 16h à 17h, Tout Public. Et inscription pour une Intitiation Langue des Signes Française de 17h à 18h, à partir de 6 ans."/>
				<action filter="dimsoir" gesture="double_tap" protocol="tts" value="Vous êtes ici : point info, plan tactile interactif et billeterie"/>
				<action filter="dimsoir" gesture="long_tap" protocol="tts" value=""/>
			</actions>
		</poi>
		<poi id="resto">
			<actions>
				<action filter="f1" gesture="double_tap" protocol="tts" value="Espace restauration"/>
				<action filter="vendsoir" gesture="double_tap" protocol="tts" value="Espace restauration"/>
				<action filter="samaprem" gesture="double_tap" protocol="tts" value="Espace restauration"/>
				<action filter="samsoir" gesture="double_tap" protocol="tts" value="Espace restauration"/>
				<action filter="dimaprem" gesture="double_tap" protocol="tts" value="Espace restauration"/>
				<action filter="dimsoir" gesture="double_tap" protocol="tts" value="Espace restauration"/>
			</actions>
		</poi>
		<poi id="buvette">
			<actions>
				<action filter="f1" gesture="double_tap" protocol="tts" value="Buvette"/>
				<action filter="vendsoir" gesture="double_tap" protocol="tts" value="Buvette"/>
				<action filter="samaprem" gesture="double_tap" protocol="tts" value="Buvette"/>
				<action filter="samsoir" gesture="double_tap" protocol="tts" value="Buvette"/>
				<action filter="dimaprem" gesture="double_tap" protocol="tts" value="Buvette"/>
				<action filter="dimsoir" gesture="double_tap" protocol="tts" value="Buvette"/>
			</actions>
		</poi>
		<poi id="buvette2">
			<actions>
				<action filter="f1" gesture="double_tap" protocol="tts" value="Buvette"/>
				<action filter="vendsoir" gesture="double_tap" protocol="tts" value="Buvette"/>
				<action filter="samaprem" gesture="double_tap" protocol="tts" value="Buvette"/>
				<action filter="samsoir" gesture="double_tap" protocol="tts" value="Buvette"/>
				<action filter="dimaprem" gesture="double_tap" protocol="tts" value="Buvette"/>
				<action filter="dimsoir" gesture="double_tap" protocol="tts" value="Buvette"/>
			</actions>
		</poi>
		<poi id="buvette3">
			<actions>
				<action filter="f1" gesture="double_tap" protocol="tts" value="Buvette"/>
				<action filter="vendsoir" gesture="double_tap" protocol="tts" value="Buvette"/>
				<action filter="samaprem" gesture="double_tap" protocol="tts" value="Buvette"/>
				<action filter="samsoir" gesture="double_tap" protocol="tts" value="Buvette"/>
				<action filter="dimaprem" gesture="double_tap" protocol="tts" value="Buvette"/>
				<action filter="dimsoir" gesture="double_tap" protocol="tts" value="Buvette"/>
			</actions>
		</poi>
		<poi id="parkingpmr">
			<actions>
				<action filter="f1" gesture="double_tap" protocol="tts" value="Parking personnes à mobilité réduite"/>
				<action filter="vendsoir" gesture="double_tap" protocol="tts" value="Parking personnes à mobilité réduite"/>
				<action filter="samaprem" gesture="double_tap" protocol="tts" value="Parking personnes à mobilité réduite"/>
				<action filter="samsoir" gesture="double_tap" protocol="tts" value="Parking personnes à mobilité réduite"/>
				<action filter="dimaprem" gesture="double_tap" protocol="tts" value="Parking personnes à mobilité réduite"/>
				<action filter="dimsoir" gesture="double_tap" protocol="tts" value="Parking personnes à mobilité réduite"/>
			</actions>
		</poi>
		<poi id="wcpmr">
			<actions>
				<action filter="f1" gesture="double_tap" protocol="tts" value="WC personnes à mobilité réduite"/>
				<action filter="vendsoir" gesture="double_tap" protocol="tts" value="WC personnes à mobilité réduite"/>
				<action filter="samaprem" gesture="double_tap" protocol="tts" value="WC personnes à mobilité réduite"/>
				<action filter="samsoir" gesture="double_tap" protocol="tts" value="WC personnes à mobilité réduite"/>
				<action filter="dimaprem" gesture="double_tap" protocol="tts" value="WC personnes à mobilité réduite"/>
				<action filter="dimsoir" gesture="double_tap" protocol="tts" value="WC personnes à mobilité réduite"/>
			</actions>
		</poi>
		<poi id="wcpmr2">
			<actions>
				<action filter="f1" gesture="double_tap" protocol="tts" value="WC personnes à mobilité réduite"/>
				<action filter="vendsoir" gesture="double_tap" protocol="tts" value="WC personnes à mobilité réduite"/>
				<action filter="samaprem" gesture="double_tap" protocol="tts" value="WC personnes à mobilité réduite"/>
				<action filter="samsoir" gesture="double_tap" protocol="tts" value="WC personnes à mobilité réduite"/>
				<action filter="dimaprem" gesture="double_tap" protocol="tts" value="WC personnes à mobilité réduite"/>
				<action filter="dimsoir" gesture="double_tap" protocol="tts" value="WC personnes à mobilité réduite"/>
			</actions>
		</poi>
		<poi id="wc">
			<actions>
				<action filter="f1" gesture="double_tap" protocol="tts" value="WC"/>
				<action filter="vendsoir" gesture="double_tap" protocol="tts" value="WC"/>
				<action filter="samaprem" gesture="double_tap" protocol="tts" value="WC"/>
				<action filter="samsoir" gesture="double_tap" protocol="tts" value="WC"/>
				<action filter="dimaprem" gesture="double_tap" protocol="tts" value="WC"/>
				<action filter="dimsoir" gesture="double_tap" protocol="tts" value="WC"/>
			</actions>
		</poi>
		<poi id="wc2">
			<actions>
				<action filter="f1" gesture="double_tap" protocol="tts" value="WC"/>
				<action filter="vendsoir" gesture="double_tap" protocol="tts" value="WC"/>
				<action filter="samaprem" gesture="double_tap" protocol="tts" value="WC"/>
				<action filter="samsoir" gesture="double_tap" protocol="tts" value="WC"/>
				<action filter="dimaprem" gesture="double_tap" protocol="tts" value="WC"/>
				<action filter="dimsoir" gesture="double_tap" protocol="tts" value="WC"/>
			</actions>
		</poi>
		<poi id="metro">
			<actions>
				<action filter="f1" gesture="double_tap" protocol="tts" value="Vers métro Ramonville"/>
				<action filter="vendsoir" gesture="double_tap" protocol="tts" value="Vers métro Ramonville"/>
				<action filter="samaprem" gesture="double_tap" protocol="tts" value="Vers métro Ramonville"/>
				<action filter="samsoir" gesture="double_tap" protocol="tts" value="Vers métro Ramonville"/>
				<action filter="dimaprem" gesture="double_tap" protocol="tts" value="Vers métro Ramonville"/>
				<action filter="dimsoir" gesture="double_tap" protocol="tts" value="Vers métro Ramonville"/>
			</actions>
		</poi>
		<poi id="metro2">
			<actions>
				<action filter="f1" gesture="double_tap" protocol="tts" value="Vers métro Ramonville"/>
				<action filter="vendsoir" gesture="double_tap" protocol="tts" value="Vers métro Ramonville"/>
				<action filter="samaprem" gesture="double_tap" protocol="tts" value="Vers métro Ramonville"/>
				<action filter="samsoir" gesture="double_tap" protocol="tts" value="Vers métro Ramonville"/>
				<action filter="dimaprem" gesture="double_tap" protocol="tts" value="Vers métro Ramonville"/>
				<action filter="dimsoir" gesture="double_tap" protocol="tts" value="Vers métro Ramonville"/>
			</actions>
		</poi>
		<poi id="cb">
			<actions>
				<action filter="f1" gesture="double_tap" protocol="tts" value="Distributeur de billets"/>
				<action filter="vendsoir" gesture="double_tap" protocol="tts" value="Distributeur de billets"/>
				<action filter="samaprem" gesture="double_tap" protocol="tts" value="Distributeur de billets"/>
				<action filter="samsoir" gesture="double_tap" protocol="tts" value="Distributeur de billets"/>
				<action filter="dimaprem" gesture="double_tap" protocol="tts" value="Distributeur de billets"/>
				<action filter="dimsoir" gesture="double_tap" protocol="tts" value="Distributeur de billets"/>
			</actions>
		</poi>
		<poi id="secours">
			<actions>
				<action filter="f1" gesture="double_tap" protocol="tts" value="Croix-rouge, Secours"/>
				<action filter="vendsoir" gesture="double_tap" protocol="tts" value="Croix-rouge, Secours"/>
				<action filter="samaprem" gesture="double_tap" protocol="tts" value="Croix-rouge, Secours"/>
				<action filter="samsoir" gesture="double_tap" protocol="tts" value="Croix-rouge, Secours"/>
				<action filter="dimaprem" gesture="double_tap" protocol="tts" value="Croix-rouge, Secours"/>
				<action filter="dimsoir" gesture="double_tap" protocol="tts" value="Croix-rouge, Secours"/>
			</actions>
		</poi>
		<poi id="jeux">
			<actions>
				<action filter="f1" gesture="double_tap" protocol="tts" value="Jeux d'enfants"/>
				<action filter="vendsoir" gesture="double_tap" protocol="tts" value="Jeux d'enfants"/>
				<action filter="samaprem" gesture="double_tap" protocol="tts" value="Jeux d'enfants"/>
				<action filter="samsoir" gesture="double_tap" protocol="tts" value="Jeux d'enfants"/>
				<action filter="dimaprem" gesture="double_tap" protocol="tts" value="Jeux d'enfants"/>
				<action filter="dimsoir" gesture="double_tap" protocol="tts" value="Jeux d'enfants"/>
			</actions>
		</poi>
		<poi id="verscb">
			<actions>
				<action filter="f1" gesture="double_tap" protocol="tts" value="Vers distributeur de billets"/>
				<action filter="vendsoir" gesture="double_tap" protocol="tts" value="Vers distributeur de billets"/>
				<action filter="samaprem" gesture="double_tap" protocol="tts" value="Vers distributeur de billets"/>
				<action filter="samsoir" gesture="double_tap" protocol="tts" value="Vers distributeur de billets"/>
				<action filter="dimaprem" gesture="double_tap" protocol="tts" value="Vers distributeur de billets"/>
				<action filter="dimsoir" gesture="double_tap" protocol="tts" value="Vers distributeur de billets"/>
			</actions>
		</poi>
		<poi id="bus">
			<actions>
				<action filter="f1" gesture="double_tap" protocol="tts" value="Arrêt du bus Linéo 6"/>
				<action filter="vendsoir" gesture="double_tap" protocol="tts" value="Arrêt du bus Linéo 6"/>
				<action filter="samaprem" gesture="double_tap" protocol="tts" value="Arrêt du bus Linéo 6"/>
				<action filter="samsoir" gesture="double_tap" protocol="tts" value="Arrêt du bus Linéo 6"/>
				<action filter="dimaprem" gesture="double_tap" protocol="tts" value="Arrêt du bus Linéo 6"/>
				<action filter="dimsoir" gesture="double_tap" protocol="tts" value="Arrêt du bus Linéo 6"/>
			</actions>
		</poi>













	</pois>
</config>

