<?xml version="1.0" encoding="UTF-8"?>
<config>
	<filters>
		<filter expandable="false" id="f1" name="Informations générales"/>
		<filter expandable="false" id="vendsoir" name="Vendredi soir"/>
		<filter expandable="false" id="samaprem" name="Samedi après-midi"/>
		<filter expandable="false" id="samsoir" name="Samedi soir"/>
		<filter expandable="false" id="dimaprem" name="Dimanche après-midi"/>
		<filter expandable="false" id="dimsoir" name="Dimanche soir"/>
	</filters>
	<pois>
	
<poi id="avenuetolosane"> <actions><action filter="f1" gesture="double_tap" protocol="tts" value="avenue tolosane"/><action filter="vendsoir" gesture="double_tap" protocol="tts" value="avenue tolosane"/><action filter="samaprem" gesture="double_tap" protocol="tts" value="avenue tolosane"/><action filter="samsoir" gesture="double_tap" protocol="tts" value="avenue tolosane"/><action filter="dimaprem" gesture="double_tap" protocol="tts" value="avenue tolosane"/><action filter="dimsoir" gesture="double_tap" protocol="tts" value="avenue tolosane"/> </actions> </poi>
<poi id="ruesanguinettes"> <actions><action filter="f1" gesture="double_tap" protocol="tts" value="rue des sanguinettes"/><action filter="vendsoir" gesture="double_tap" protocol="tts" value="rue des sanguinettes"/><action filter="samaprem" gesture="double_tap" protocol="tts" value="rue des sanguinettes"/><action filter="samsoir" gesture="double_tap" protocol="tts" value="rue des sanguinettes"/><action filter="dimaprem" gesture="double_tap" protocol="tts" value="rue des sanguinettes"/><action filter="dimsoir" gesture="double_tap" protocol="tts" value="rue des sanguinettes"/> </actions> </poi>
<poi id="ruelilas"> <actions><action filter="f1" gesture="double_tap" protocol="tts" value="rue des lilas"/><action filter="vendsoir" gesture="double_tap" protocol="tts" value="rue des lilas"/><action filter="samaprem" gesture="double_tap" protocol="tts" value="rue des lilas"/><action filter="samsoir" gesture="double_tap" protocol="tts" value="rue des lilas"/><action filter="dimaprem" gesture="double_tap" protocol="tts" value="rue des lilas"/><action filter="dimsoir" gesture="double_tap" protocol="tts" value="rue des lilas"/> </actions> </poi>
<poi id="placemarnac"> <actions><action filter="f1" gesture="double_tap" protocol="tts" value="place marnac"/><action filter="vendsoir" gesture="double_tap" protocol="tts" value="place marnac"/><action filter="samaprem" gesture="double_tap" protocol="tts" value="place marnac"/><action filter="samsoir" gesture="double_tap" protocol="tts" value="place marnac"/><action filter="dimaprem" gesture="double_tap" protocol="tts" value="place marnac"/><action filter="dimsoir" gesture="double_tap" protocol="tts" value="place marnac"/> </actions> </poi>
<poi id="placemarnac2"> <actions><action filter="f1" gesture="double_tap" protocol="tts" value="place marnac"/><action filter="vendsoir" gesture="double_tap" protocol="tts" value="place marnac"/><action filter="samaprem" gesture="double_tap" protocol="tts" value="place marnac"/><action filter="samsoir" gesture="double_tap" protocol="tts" value="place marnac"/><action filter="dimaprem" gesture="double_tap" protocol="tts" value="place marnac"/><action filter="dimsoir" gesture="double_tap" protocol="tts" value="place marnac"/> </actions> </poi>
<poi id="placemarnac3"> <actions><action filter="f1" gesture="double_tap" protocol="tts" value="place marnac"/><action filter="vendsoir" gesture="double_tap" protocol="tts" value="place marnac"/><action filter="samaprem" gesture="double_tap" protocol="tts" value="place marnac"/><action filter="samsoir" gesture="double_tap" protocol="tts" value="place marnac"/><action filter="dimaprem" gesture="double_tap" protocol="tts" value="place marnac"/><action filter="dimsoir" gesture="double_tap" protocol="tts" value="place marnac"/> </actions> </poi>
<poi id="avenueoccitanie"> <actions><action filter="f1" gesture="double_tap" protocol="tts" value="avenue de loccitanie"/><action filter="vendsoir" gesture="double_tap" protocol="tts" value="avenue de loccitanie"/><action filter="samaprem" gesture="double_tap" protocol="tts" value="avenue de loccitanie"/><action filter="samsoir" gesture="double_tap" protocol="tts" value="avenue de loccitanie"/><action filter="dimaprem" gesture="double_tap" protocol="tts" value="avenue de loccitanie"/><action filter="dimsoir" gesture="double_tap" protocol="tts" value="avenue de loccitanie"/> </actions> </poi>
<poi id="avenueoccitanie2"> <actions><action filter="f1" gesture="double_tap" protocol="tts" value="avenue de loccitanie"/><action filter="vendsoir" gesture="double_tap" protocol="tts" value="avenue de loccitanie"/><action filter="samaprem" gesture="double_tap" protocol="tts" value="avenue de loccitanie"/><action filter="samsoir" gesture="double_tap" protocol="tts" value="avenue de loccitanie"/><action filter="dimaprem" gesture="double_tap" protocol="tts" value="avenue de loccitanie"/><action filter="dimsoir" gesture="double_tap" protocol="tts" value="avenue de loccitanie"/> </actions> </poi>
<poi id="alleepompidou"> <actions><action filter="f1" gesture="double_tap" protocol="tts" value="allée georges pompidou"/><action filter="vendsoir" gesture="double_tap" protocol="tts" value="allée georges pompidou"/><action filter="samaprem" gesture="double_tap" protocol="tts" value="allée georges pompidou"/><action filter="samsoir" gesture="double_tap" protocol="tts" value="allée georges pompidou"/><action filter="dimaprem" gesture="double_tap" protocol="tts" value="allée georges pompidou"/><action filter="dimsoir" gesture="double_tap" protocol="tts" value="allée georges pompidou"/> </actions> </poi>
<poi id="ruedubac"> <actions><action filter="f1" gesture="double_tap" protocol="tts" value="rue du bac"/><action filter="vendsoir" gesture="double_tap" protocol="tts" value="rue du bac"/><action filter="samaprem" gesture="double_tap" protocol="tts" value="rue du bac"/><action filter="samsoir" gesture="double_tap" protocol="tts" value="rue du bac"/><action filter="dimaprem" gesture="double_tap" protocol="tts" value="rue du bac"/><action filter="dimsoir" gesture="double_tap" protocol="tts" value="rue du bac"/> </actions> </poi>
<poi id="ruedubac2"> <actions><action filter="f1" gesture="double_tap" protocol="tts" value="rue du bac"/><action filter="vendsoir" gesture="double_tap" protocol="tts" value="rue du bac"/><action filter="samaprem" gesture="double_tap" protocol="tts" value="rue du bac"/><action filter="samsoir" gesture="double_tap" protocol="tts" value="rue du bac"/><action filter="dimaprem" gesture="double_tap" protocol="tts" value="rue du bac"/><action filter="dimsoir" gesture="double_tap" protocol="tts" value="rue du bac"/> </actions> </poi>
<poi id="ruepinsons"> <actions><action filter="f1" gesture="double_tap" protocol="tts" value="rue des pinsons"/><action filter="vendsoir" gesture="double_tap" protocol="tts" value="rue des pinsons"/><action filter="samaprem" gesture="double_tap" protocol="tts" value="rue des pinsons"/><action filter="samsoir" gesture="double_tap" protocol="tts" value="rue des pinsons"/><action filter="dimaprem" gesture="double_tap" protocol="tts" value="rue des pinsons"/><action filter="dimsoir" gesture="double_tap" protocol="tts" value="rue des pinsons"/> </actions> </poi>
<poi id="routenationale"> <actions><action filter="f1" gesture="double_tap" protocol="tts" value="route nationale"/><action filter="vendsoir" gesture="double_tap" protocol="tts" value="route nationale"/><action filter="samaprem" gesture="double_tap" protocol="tts" value="route nationale"/><action filter="samsoir" gesture="double_tap" protocol="tts" value="route nationale"/><action filter="dimaprem" gesture="double_tap" protocol="tts" value="route nationale"/><action filter="dimsoir" gesture="double_tap" protocol="tts" value="route nationale"/> </actions> </poi>
<poi id="routenationale2"> <actions><action filter="f1" gesture="double_tap" protocol="tts" value="route nationale"/><action filter="vendsoir" gesture="double_tap" protocol="tts" value="route nationale"/><action filter="samaprem" gesture="double_tap" protocol="tts" value="route nationale"/><action filter="samsoir" gesture="double_tap" protocol="tts" value="route nationale"/><action filter="dimaprem" gesture="double_tap" protocol="tts" value="route nationale"/><action filter="dimsoir" gesture="double_tap" protocol="tts" value="route nationale"/> </actions> </poi>
<poi id="avenuekarben"> <actions><action filter="f1" gesture="double_tap" protocol="tts" value="avenue de karben"/><action filter="vendsoir" gesture="double_tap" protocol="tts" value="avenue de karben"/><action filter="samaprem" gesture="double_tap" protocol="tts" value="avenue de karben"/><action filter="samsoir" gesture="double_tap" protocol="tts" value="avenue de karben"/><action filter="dimaprem" gesture="double_tap" protocol="tts" value="avenue de karben"/><action filter="dimsoir" gesture="double_tap" protocol="tts" value="avenue de karben"/> </actions> </poi>
<poi id="avenuekarben2"> <actions><action filter="f1" gesture="double_tap" protocol="tts" value="avenue de karben"/><action filter="vendsoir" gesture="double_tap" protocol="tts" value="avenue de karben"/><action filter="samaprem" gesture="double_tap" protocol="tts" value="avenue de karben"/><action filter="samsoir" gesture="double_tap" protocol="tts" value="avenue de karben"/><action filter="dimaprem" gesture="double_tap" protocol="tts" value="avenue de karben"/><action filter="dimsoir" gesture="double_tap" protocol="tts" value="avenue de karben"/> </actions> </poi>
<poi id="alleesports"> <actions><action filter="f1" gesture="double_tap" protocol="tts" value="allée des sports"/><action filter="vendsoir" gesture="double_tap" protocol="tts" value="allée des sports"/><action filter="samaprem" gesture="double_tap" protocol="tts" value="allée des sports"/><action filter="samsoir" gesture="double_tap" protocol="tts" value="allée des sports"/><action filter="dimaprem" gesture="double_tap" protocol="tts" value="allée des sports"/><action filter="dimsoir" gesture="double_tap" protocol="tts" value="allée des sports"/> </actions> </poi>
<poi id="pontzuera"> <actions><action filter="f1" gesture="double_tap" protocol="tts" value="pont de Zuera"/><action filter="vendsoir" gesture="double_tap" protocol="tts" value="pont de Zuera"/><action filter="samaprem" gesture="double_tap" protocol="tts" value="pont de Zuera"/><action filter="samsoir" gesture="double_tap" protocol="tts" value="pont de Zuera"/><action filter="dimaprem" gesture="double_tap" protocol="tts" value="pont de Zuera"/><action filter="dimsoir" gesture="double_tap" protocol="tts" value="pont de Zuera"/> </actions> </poi>
<poi id="pontzuera2"> <actions><action filter="f1" gesture="double_tap" protocol="tts" value="pont de Zuera"/><action filter="vendsoir" gesture="double_tap" protocol="tts" value="pont de Zuera"/><action filter="samaprem" gesture="double_tap" protocol="tts" value="pont de Zuera"/><action filter="samsoir" gesture="double_tap" protocol="tts" value="pont de Zuera"/><action filter="dimaprem" gesture="double_tap" protocol="tts" value="pont de Zuera"/><action filter="dimsoir" gesture="double_tap" protocol="tts" value="pont de Zuera"/> </actions> </poi>
<poi id="pontzuera3"> <actions><action filter="f1" gesture="double_tap" protocol="tts" value="pont de Zuera"/><action filter="vendsoir" gesture="double_tap" protocol="tts" value="pont de Zuera"/><action filter="samaprem" gesture="double_tap" protocol="tts" value="pont de Zuera"/><action filter="samsoir" gesture="double_tap" protocol="tts" value="pont de Zuera"/><action filter="dimaprem" gesture="double_tap" protocol="tts" value="pont de Zuera"/><action filter="dimsoir" gesture="double_tap" protocol="tts" value="pont de Zuera"/> </actions> </poi>
<poi id="piste"> <actions><action filter="f1" gesture="double_tap" protocol="tts" value="piste cyclable"/><action filter="vendsoir" gesture="double_tap" protocol="tts" value="piste cyclable"/><action filter="samaprem" gesture="double_tap" protocol="tts" value="piste cyclable"/><action filter="samsoir" gesture="double_tap" protocol="tts" value="piste cyclable"/><action filter="dimaprem" gesture="double_tap" protocol="tts" value="piste cyclable"/><action filter="dimsoir" gesture="double_tap" protocol="tts" value="piste cyclable"/> </actions> </poi>
<poi id="piste2"> <actions><action filter="f1" gesture="double_tap" protocol="tts" value="piste cyclable"/><action filter="vendsoir" gesture="double_tap" protocol="tts" value="piste cyclable"/><action filter="samaprem" gesture="double_tap" protocol="tts" value="piste cyclable"/><action filter="samsoir" gesture="double_tap" protocol="tts" value="piste cyclable"/><action filter="dimaprem" gesture="double_tap" protocol="tts" value="piste cyclable"/><action filter="dimsoir" gesture="double_tap" protocol="tts" value="piste cyclable"/> </actions> </poi>
<poi id="piste3"> <actions><action filter="f1" gesture="double_tap" protocol="tts" value="piste cyclable"/><action filter="vendsoir" gesture="double_tap" protocol="tts" value="piste cyclable"/><action filter="samaprem" gesture="double_tap" protocol="tts" value="piste cyclable"/><action filter="samsoir" gesture="double_tap" protocol="tts" value="piste cyclable"/><action filter="dimaprem" gesture="double_tap" protocol="tts" value="piste cyclable"/><action filter="dimsoir" gesture="double_tap" protocol="tts" value="piste cyclable"/> </actions> </poi>
<poi id="piste4"> <actions><action filter="f1" gesture="double_tap" protocol="tts" value="piste cyclable"/><action filter="vendsoir" gesture="double_tap" protocol="tts" value="piste cyclable"/><action filter="samaprem" gesture="double_tap" protocol="tts" value="piste cyclable"/><action filter="samsoir" gesture="double_tap" protocol="tts" value="piste cyclable"/><action filter="dimaprem" gesture="double_tap" protocol="tts" value="piste cyclable"/><action filter="dimsoir" gesture="double_tap" protocol="tts" value="piste cyclable"/> </actions> </poi>
<poi id="placeducanal"> <actions><action filter="f1" gesture="double_tap" protocol="tts" value="place du canal"/><action filter="vendsoir" gesture="double_tap" protocol="tts" value="place du canal"/><action filter="samaprem" gesture="double_tap" protocol="tts" value="place du canal"/><action filter="samsoir" gesture="double_tap" protocol="tts" value="place du canal"/><action filter="dimaprem" gesture="double_tap" protocol="tts" value="place du canal"/><action filter="dimsoir" gesture="double_tap" protocol="tts" value="place du canal"/> </actions> </poi>
<poi id="canal"> <actions><action filter="f1" gesture="double_tap" protocol="tts" value="canal"/><action filter="vendsoir" gesture="double_tap" protocol="tts" value="canal"/><action filter="samaprem" gesture="double_tap" protocol="tts" value="canal"/><action filter="samsoir" gesture="double_tap" protocol="tts" value="canal"/><action filter="dimaprem" gesture="double_tap" protocol="tts" value="canal"/><action filter="dimsoir" gesture="double_tap" protocol="tts" value="canal"/> </actions> </poi>
<poi id="15"> <actions> <action filter="f1" gesture="double_tap" protocol="tts" value="la treille"/> <action filter="f1" gesture="long_tap" protocol="tts" value="Aucune activité au 24 rue Hermès."/> <action filter="vendsoir" gesture="double_tap" protocol="tts" value="Aucune activité vendredi soir au 24 rue Hermès."/> <action filter="samaprem" gesture="double_tap" protocol="tts" value="Aucune activité samedi après-midi au 24 rue Hermès."/> <action filter="samsoir" gesture="double_tap" protocol="tts" value="Samedi soir, au 24 rue Hermès, de 18h30 à 19h45, The Color of Time, par la compagnie Artonik, Genre Parade dansée explosive, à partir de 3 ans."/> <action filter="dimaprem" gesture="double_tap" protocol="tts" value=""/> <action filter="dimsoir" gesture="double_tap" protocol="tts" value=""/> </actions> </poi>
<poi id="13"> <actions> <action filter="f1" gesture="double_tap" protocol="tts" value="allée des sables, caravane et info"/> <action filter="f1" gesture="long_tap" protocol="tts" value="Aucune activité allées des sables."/> <action filter="vendsoir" gesture="double_tap" protocol="tts" value="Aucune activité vendredi soir allées des sables."/> <action filter="samaprem" gesture="double_tap" protocol="tts" value="Samedi après-midi, allées des Sables, à partir de 14h30, Le village de Caracole, Tout Public. Et de 16h45 à 17h55, Palabre de la compagnie Moi, Genre Cirque de proximité, à partir de 8 ans."/> <action filter="samsoir" gesture="double_tap" protocol="tts" value="Samedi soir, allées des Sables, jusqu'à minuit, Le village de Caracole, Tout Public."/> <action filter="dimaprem" gesture="double_tap" protocol="tts" value=""/> <action filter="dimsoir" gesture="double_tap" protocol="tts" value=""/> </actions> </poi>
<poi id="12"> <actions> <action filter="f1" gesture="double_tap" protocol="tts" value="gymnase"/> <action filter="f1" gesture="long_tap" protocol="tts" value="Aucune activité au gymnase."/> <action filter="vendsoir" gesture="double_tap" protocol="tts" value="Aucune activité vendredi soir au gymnase."/> <action filter="samaprem" gesture="double_tap" protocol="tts" value="Aucune activité samedi après-midi au gymnase."/> <action filter="samsoir" gesture="double_tap" protocol="tts" value="Samedi soir, au gymnase, de 22h30 à 23h20, Chorale Public de la compagnie Label Z, genre Chorale de rue, à partir de 9 ans."/> <action filter="dimaprem" gesture="double_tap" protocol="tts" value=""/> <action filter="dimsoir" gesture="double_tap" protocol="tts" value=""/> </actions> </poi>
<poi id="billetterie"> <actions><action filter="f1" gesture="double_tap" protocol="tts" value=""/><action filter="vendsoir" gesture="double_tap" protocol="tts" value=""/><action filter="samaprem" gesture="double_tap" protocol="tts" value=""/><action filter="samsoir" gesture="double_tap" protocol="tts" value=""/><action filter="dimaprem" gesture="double_tap" protocol="tts" value=""/><action filter="dimsoir" gesture="double_tap" protocol="tts" value=""/> </actions> </poi>
<poi id="piscine"> <actions> <action filter="f1" gesture="double_tap" protocol="tts" value="piscine"/> <action filter="f1" gesture="long_tap" protocol="tts" value="Aucune activité à la piscine"/> <action filter="vendsoir" gesture="double_tap" protocol="tts" value="Aucune activité vendredi soir à la piscine"/> <action filter="samaprem" gesture="double_tap" protocol="tts" value="Samedi après midi, à la piscine, de 17h15 à 18h05, Chorale Public par la compagnie Label Z, Genre Chorale de rue, à partir 8 ans. Et de 16h à 17h, 3 hippos campent chez ta mère, de la compagnie LIDO, Genre Cirque, Tout Public."/> <action filter="samsoir" gesture="double_tap" protocol="tts" value="Samedi soir, à la piscine, de 18h30 à 20h00, Poste Vacant, par la compagnie LIDO, Genre Cirque, Tout Public. De 20h45 à 21h35 et de 23h30 à minuit 20, Mue et moi, par la compagnie Sons de toile, Genre Théâtre visuel et vibratoire, à partir de 8 ans."/> <action filter="dimaprem" gesture="double_tap" protocol="tts" value=""/> <action filter="dimsoir" gesture="double_tap" protocol="tts" value=""/> </actions> </poi>
<poi id="4"> <actions> <action filter="f1" gesture="double_tap" protocol="tts" value="square à mômes"/> <action filter="f1" gesture="long_tap" protocol="tts" value="Aucune activité au square à mômes."/> <action filter="vendsoir" gesture="double_tap" protocol="tts" value="Aucune activité vendredi soir au square à mômes."/> <action filter="samaprem" gesture="double_tap" protocol="tts" value="Samedi après midi, au square à mômes, de 15h à 15h20 et de 17h à 17h20, O S K par l'école de danse hip-kop LAB, Tout Public. A 15h30, 16h30 et 17h30, Enginys Eko-Poètiks, par la compagnie Katakrak, Genre Jeux insolites, à partir de 6 ans. De 16h à 16h50, Peronnille, par la compagnie Dis donc, Genre épopéé Chevaleresque, à partir de 5 ans. Et en continu à partir de 15h30, le Manège du contrevent par la compagnie Grandet douglas, Tout Public."/> <action filter="samsoir" gesture="double_tap" protocol="tts" value="Samedi soir, au square à mômes, de 19h à 19h20, O S K par l'école de danse hip-kop LAB, Tout Public. De 18h15h à 19h05, Peronnille, par la compagnie Dis donc, Genre épopéé Chevaleresque, à partir de 5 ans. Et en continu à partir de 15h30, le Manège du contrevent par la compagnie Grandet douglas, Tout Public."/> <action filter="dimaprem" gesture="double_tap" protocol="tts" value=""/> <action filter="dimsoir" gesture="double_tap" protocol="tts" value=""/> </actions> </poi>
<poi id="3"> <actions> <action filter="f1" gesture="double_tap" protocol="tts" value="cuvette zuera"/> <action filter="f1" gesture="long_tap" protocol="tts" value="Aucune activité à la cuvette zuera."/> <action filter="vendsoir" gesture="double_tap" protocol="tts" value="Aucune activité vendredi soir à la cuvette zuera."/> <action filter="samaprem" gesture="double_tap" protocol="tts" value="Samedi après midi, en continue à la cuvette Zuera, la 30ème Escouade par la compagnie du Thé à la Rue. Tout Public. "/> <action filter="samsoir" gesture="double_tap" protocol="tts" value="Aucune activité samedi soir à la cuvette zuera."/> <action filter="dimaprem" gesture="double_tap" protocol="tts" value=""/> <action filter="dimsoir" gesture="double_tap" protocol="tts" value=""/> </actions> </poi>
<poi id="1"> <actions> <action filter="f1" gesture="double_tap" protocol="tts" value="place Jean Jaurès"/> <action filter="f1" gesture="long_tap" protocol="tts" value="Aujourd'hui sur la place Jean Jaurès, de 19h à 19h30, concert de Monsieur le directeur. De 20h15 à 20h55, Pelat, par la compagnie Joan Catala, Genre Cirque, Tout Public. De 21h30 à 22h30, Voyage en bordure du bout du monde par la compagnie les 3 points de suspension, Genre Théâtre forain débridé, à partir de 6 ans. De 22h45 à minuit 45, concert de Pulcinéla. Et en fil rouge radiophonique, Radio Ramon. Tous les spectacles sont accessibles aux personnes à mobilité réduite."/> <action filter="vendsoir" gesture="double_tap" protocol="tts" value="Vendredi soir sur la place Jean Jaurès, de 19h à 19h30, concert de Monsieur le directeur. De 20h15 à 20h55, Pelat, par la compagnie Joan Catala, Genre Cirque, Tout Public. De 21h30 à 22h30, Voyage en bordure du bout du monde par la compagnie les 3 points de suspension, Genre Théâtre forain débridé, à partir de 6 ans. De 22h45 à minuit 45, concert de Pulcinéla. Et en fil rouge radiophonique, Radio Ramon. Tous les spectacles sont accessibles aux personnes à mobilité réduite."/> <action filter="samaprem" gesture="double_tap" protocol="tts" value="Samedi après midi sur la place Jean Jaurès, de 14h45 à 15h30, concert de Monsieur Le Directeur. De 15h30 à 16h05 et de 19h à 19h35, Dad is Dead!, de la compagnie Mathieu Ma Fille Foundation, Genre Cirque, à partir de 12 ans. De 16h15 à 16h35, 6 lieux inouïs, par la compagnie Chinche Musgo, Tout Public. De 16h45 à 17H15, Copyleft, par la compagnie Nicanor de Elia, Genre Jonglage, Tout Public. De 17h45 à 18h25, Pelat, par la compagnie Joan Catala, Genre Cirque, Tout Public. Et en fil rouge radiophoique, Radio Ramon. Tous les spectacles sont accessibles aux personnes à mobilité réduite."/> <action filter="samsoir" gesture="double_tap" protocol="tts" value="Samedi soir sur la place Jean Jaurès, de 17h45 à 20h45, concert de Pea Punch. De 21h à 22h00, Voyage en bordure du bout du monde par la compagnie les 3 points de suspension, Genre Théâtre forain débridé, à partir de 6 ans. De 22h15 à 23h45, concert de Super Parquet. Et en fil rouge radiophoique, Radio Ramon. Tous les spectacles sont accessibles aux personnes à mobilité réduite."/> <action filter="dimaprem" gesture="double_tap" protocol="tts" value="Dimanche après midi sur la place Jean Jaurès, de 15h00 à 15h35 et de 18h à 18h35, Dad is dead!, de la compagnie Mathieu ma fille foundation, Genre Cirque, à partir de 12 ans. De 17h45 à 18h25, Pelat, par la compagnie Joan Catala, Genre Cirque, Tout Public. Et en continue, la radio du festival par radio Stan + Diane. Tous les spectacles sont accessibles aux personnes à mobilité réduite."/> <action filter="dimsoir" gesture="double_tap" protocol="tts" value="Dimanche soir sur la place Jean Jaurès, de 20h30 à 21h30, Immortels, de la compagnie Adhok, tout public. Et en continue, la radio du festival par radio Stan + Diane. Tous les spectacles sont accessibles aux personnes à mobilité réduite."/> </actions> </poi>
<poi id="2"> <actions> <action filter="f1" gesture="double_tap" protocol="tts" value="Chap' Arto"/> <action filter="f1" gesture="long_tap" protocol="tts" value="Aucune activité au Chap'Arto."/> <action filter="vendsoir" gesture="double_tap" protocol="tts" value="Aucune activité vendredi soir au Chap'Arto."/> <action filter="samaprem" gesture="double_tap" protocol="tts" value="Aucune activité samedi après-midi au Chap'Arto."/> <action filter="samsoir" gesture="double_tap" protocol="tts" value="Samedi soir à l'espace Chap'ARTO, de minuit à 1h30 concert de Georges profonde."/> <action filter="dimaprem" gesture="double_tap" protocol="tts" value=""/> <action filter="dimsoir" gesture="double_tap" protocol="tts" value=""/> </actions> </poi>
<poi id="table"> <actions><action filter="f1" gesture="double_tap" protocol="tts" value=""/><action filter="vendsoir" gesture="double_tap" protocol="tts" value=""/><action filter="samaprem" gesture="double_tap" protocol="tts" value=""/><action filter="samsoir" gesture="double_tap" protocol="tts" value=""/><action filter="dimaprem" gesture="double_tap" protocol="tts" value=""/><action filter="dimsoir" gesture="double_tap" protocol="tts" value=""/> </actions> </poi>
<poi id="18"> <actions> <action filter="f1" gesture="double_tap" protocol="tts" value="place pablo picasso"/> <action filter="f1" gesture="long_tap" protocol="tts" value="Aucune activité place Pablo Picasso."/> <action filter="vendsoir" gesture="double_tap" protocol="tts" value="Aucune activité vendredi soir place Pablo Picasso."/> <action filter="samaprem" gesture="double_tap" protocol="tts" value="Samedi après-midi, place Pablo Picasso de 15h à 16h, Primo Primate, par la compagnie les Soupirs Hâchés, Genre Comédie à tiroirs, à partir de 10 ans."/> <action filter="samsoir" gesture="double_tap" protocol="tts" value="Samedi soir, place Pablo Picasso de 18h30 à 19h30, Primo Primate, par la compagnie les Soupirs Hâchés, Genre Comédie à tiroirs, à partir de 10 ans."/> <action filter="dimaprem" gesture="double_tap" protocol="tts" value=""/> <action filter="dimsoir" gesture="double_tap" protocol="tts" value=""/> </actions> </poi>
<poi id="7"> <actions> <action filter="f1" gesture="double_tap" protocol="tts" value="petite cour du centre"/> <action filter="f1" gesture="long_tap" protocol="tts" value="Aucune activité à la petite cour du centre."/> <action filter="vendsoir" gesture="double_tap" protocol="tts" value="Aucune activité vendredi soir à la petite cour du centre."/> <action filter="samaprem" gesture="double_tap" protocol="tts" value="Samedi après-midi à la petite cour du centre, de 15h45 à 16h45, More Aura, de l'association des clous, Genre Théâtre clownesque, à partir de 10 ans."/> <action filter="samsoir" gesture="double_tap" protocol="tts" value="Samedi soir à la petite cour du centre, de 19h à 20h, More Aura, de l'association des clous, Genre Théâtre clownesque, à partir de 10 ans."/> <action filter="dimaprem" gesture="double_tap" protocol="tts" value=""/> <action filter="dimsoir" gesture="double_tap" protocol="tts" value=""/> </actions> </poi>
<poi id="8"> <actions> <action filter="f1" gesture="double_tap" protocol="tts" value="grande cour du centre"/> <action filter="f1" gesture="long_tap" protocol="tts" value="Aucune activité à la grande cour du centre."/> <action filter="vendsoir" gesture="double_tap" protocol="tts" value="Aucune activité vendredi soir à la grande cour du centre."/> <action filter="samaprem" gesture="double_tap" protocol="tts" value="Samedi après midi à la grande cour du centre, de 14h45 à 15h20, DEAÏ, de la compagnie Simon Simone, Genre Danse, à partir de 4 ans. Et de 16h45 à 17h50, Ami(s) de la compagnie Déjà, Genre Instospection théatro-canine, à partir de 10 ans."/> <action filter="samsoir" gesture="double_tap" protocol="tts" value="Samedi soir à la grande cour du centre, de 18h15 à 18h50, DEAÏ, de la compagnie Simon Simone, Genre Danse, à partir de 4 ans. Et de 22h30 à 23h35, Ami(s) de la compagnie Déjà, Genre Instospection théatro-canine, à partir de 10 ans."/> <action filter="dimaprem" gesture="double_tap" protocol="tts" value=""/> <action filter="dimsoir" gesture="double_tap" protocol="tts" value=""/> </actions> </poi>
<poi id="9"> <actions> <action filter="f1" gesture="double_tap" protocol="tts" value="mairie"/> <action filter="f1" gesture="long_tap" protocol="tts" value="Aujourd'hui, à la mairie, de 23h15 à minuit 30, concert de Spectralex."/> <action filter="vendsoir" gesture="double_tap" protocol="tts" value="Vendredi soir, à la mairie, de 23h15 à minuit 30, concert de Spectralex."/> <action filter="samaprem" gesture="double_tap" protocol="tts" value="Samedi après-midi, de 16h30 à 18h15, Canoan contre le roi Vomiir #1, par la compagnie Spectralex, Genre Péplum en 4 parties, à partir de 10 ans."/> <action filter="samsoir" gesture="double_tap" protocol="tts" value="Samedi soir, de 20h30 à 22h15, Canoan contre le roi Vomiir #2, par la compagnie Spectralex, Genre Péplum en 4 parties, à partir de 10 ans. Et de 23h30 à minuit 45, concert de Marc Prépus, à partir de 7 ans."/> <action filter="dimaprem" gesture="double_tap" protocol="tts" value=""/> <action filter="dimsoir" gesture="double_tap" protocol="tts" value=""/> </actions> </poi>
<poi id="6"> <actions> <action filter="f1" gesture="double_tap" protocol="tts" value=""/> <action filter="f1" gesture="long_tap" protocol="tts" value="Aucune activité au jardin des sanguinettes."/> <action filter="vendsoir" gesture="double_tap" protocol="tts" value="Aucune activité vendredi soir au jardin des sanguinettes."/> <action filter="samaprem" gesture="double_tap" protocol="tts" value="Samedi après-midi, au Jardin des Sanguinettes, de 17h45 à 18h15, concert de la Fanfare des chalets."/> <action filter="samsoir" gesture="double_tap" protocol="tts" value="Samedi soir, au Jardin des Sanguinettes, de 20h à 20h20, 6 lieux inouïs, par la compagnie Chinche Musgo, Tout Public. Et de 20h30 à 21h00, concert de la Fanfare des chalets."/> <action filter="dimaprem" gesture="double_tap" protocol="tts" value=""/> <action filter="dimsoir" gesture="double_tap" protocol="tts" value=""/> </actions> </poi>
<poi id="resto"> <actions> <action filter="f1" gesture="double_tap" protocol="tts" value="espace restauration"/> </actions> </poi>
<poi id="buvette"> <actions><action filter="f1" gesture="double_tap" protocol="tts" value="buvette"/><action filter="vendsoir" gesture="double_tap" protocol="tts" value="buvette"/><action filter="samaprem" gesture="double_tap" protocol="tts" value="buvette"/><action filter="samsoir" gesture="double_tap" protocol="tts" value="buvette"/><action filter="dimaprem" gesture="double_tap" protocol="tts" value="buvette"/><action filter="dimsoir" gesture="double_tap" protocol="tts" value="buvette"/> </actions> </poi>
<poi id="buvette2"> <actions><action filter="f1" gesture="double_tap" protocol="tts" value="buvette"/><action filter="vendsoir" gesture="double_tap" protocol="tts" value="buvette"/><action filter="samaprem" gesture="double_tap" protocol="tts" value="buvette"/><action filter="samsoir" gesture="double_tap" protocol="tts" value="buvette"/><action filter="dimaprem" gesture="double_tap" protocol="tts" value="buvette"/><action filter="dimsoir" gesture="double_tap" protocol="tts" value="buvette"/> </actions> </poi>
<poi id="parkingpmr"> <actions><action filter="f1" gesture="double_tap" protocol="tts" value="parking personnes à mobilité réduite"/><action filter="vendsoir" gesture="double_tap" protocol="tts" value="parking personnes à mobilité réduite"/><action filter="samaprem" gesture="double_tap" protocol="tts" value="parking personnes à mobilité réduite"/><action filter="samsoir" gesture="double_tap" protocol="tts" value="parking personnes à mobilité réduite"/><action filter="dimaprem" gesture="double_tap" protocol="tts" value="parking personnes à mobilité réduite"/><action filter="dimsoir" gesture="double_tap" protocol="tts" value="parking personnes à mobilité réduite"/> </actions> </poi>
<poi id="parkingpmr2"> <actions><action filter="f1" gesture="double_tap" protocol="tts" value="parking personnes à mobilité réduite"/><action filter="vendsoir" gesture="double_tap" protocol="tts" value="parking personnes à mobilité réduite"/><action filter="samaprem" gesture="double_tap" protocol="tts" value="parking personnes à mobilité réduite"/><action filter="samsoir" gesture="double_tap" protocol="tts" value="parking personnes à mobilité réduite"/><action filter="dimaprem" gesture="double_tap" protocol="tts" value="parking personnes à mobilité réduite"/><action filter="dimsoir" gesture="double_tap" protocol="tts" value="parking personnes à mobilité réduite"/> </actions> </poi>
<poi id="wcpmr"> <actions><action filter="f1" gesture="double_tap" protocol="tts" value="wc personnes à mobilité réduite"/><action filter="vendsoir" gesture="double_tap" protocol="tts" value="wc personnes à mobilité réduite"/><action filter="samaprem" gesture="double_tap" protocol="tts" value="wc personnes à mobilité réduite"/><action filter="samsoir" gesture="double_tap" protocol="tts" value="wc personnes à mobilité réduite"/><action filter="dimaprem" gesture="double_tap" protocol="tts" value="wc personnes à mobilité réduite"/><action filter="dimsoir" gesture="double_tap" protocol="tts" value="wc personnes à mobilité réduite"/> </actions> </poi>
<poi id="wcpmr2"> <actions><action filter="f1" gesture="double_tap" protocol="tts" value="wc personnes à mobilité réduite"/><action filter="vendsoir" gesture="double_tap" protocol="tts" value="wc personnes à mobilité réduite"/><action filter="samaprem" gesture="double_tap" protocol="tts" value="wc personnes à mobilité réduite"/><action filter="samsoir" gesture="double_tap" protocol="tts" value="wc personnes à mobilité réduite"/><action filter="dimaprem" gesture="double_tap" protocol="tts" value="wc personnes à mobilité réduite"/><action filter="dimsoir" gesture="double_tap" protocol="tts" value="wc personnes à mobilité réduite"/> </actions> </poi>
<poi id="wc"> <actions><action filter="f1" gesture="double_tap" protocol="tts" value="wc"/><action filter="vendsoir" gesture="double_tap" protocol="tts" value="wc"/><action filter="samaprem" gesture="double_tap" protocol="tts" value="wc"/><action filter="samsoir" gesture="double_tap" protocol="tts" value="wc"/><action filter="dimaprem" gesture="double_tap" protocol="tts" value="wc"/><action filter="dimsoir" gesture="double_tap" protocol="tts" value="wc"/> </actions> </poi>
<poi id="wc2"> <actions><action filter="f1" gesture="double_tap" protocol="tts" value="wc"/><action filter="vendsoir" gesture="double_tap" protocol="tts" value="wc"/><action filter="samaprem" gesture="double_tap" protocol="tts" value="wc"/><action filter="samsoir" gesture="double_tap" protocol="tts" value="wc"/><action filter="dimaprem" gesture="double_tap" protocol="tts" value="wc"/><action filter="dimsoir" gesture="double_tap" protocol="tts" value="wc"/> </actions> </poi>
<poi id="metro"> <actions><action filter="f1" gesture="double_tap" protocol="tts" value="vers métro ramonville"/><action filter="vendsoir" gesture="double_tap" protocol="tts" value="vers métro ramonville"/><action filter="samaprem" gesture="double_tap" protocol="tts" value="vers métro ramonville"/><action filter="samsoir" gesture="double_tap" protocol="tts" value="vers métro ramonville"/><action filter="dimaprem" gesture="double_tap" protocol="tts" value="vers métro ramonville"/><action filter="dimsoir" gesture="double_tap" protocol="tts" value="vers métro ramonville"/> </actions> </poi>
<poi id="metro2"> <actions><action filter="f1" gesture="double_tap" protocol="tts" value="vers métro ramonville"/><action filter="vendsoir" gesture="double_tap" protocol="tts" value="vers métro ramonville"/><action filter="samaprem" gesture="double_tap" protocol="tts" value="vers métro ramonville"/><action filter="samsoir" gesture="double_tap" protocol="tts" value="vers métro ramonville"/><action filter="dimaprem" gesture="double_tap" protocol="tts" value="vers métro ramonville"/><action filter="dimsoir" gesture="double_tap" protocol="tts" value="vers métro ramonville"/> </actions> </poi>
<poi id="cb"> <actions><action filter="f1" gesture="double_tap" protocol="tts" value="distributeur de billets"/><action filter="vendsoir" gesture="double_tap" protocol="tts" value="distributeur de billets"/><action filter="samaprem" gesture="double_tap" protocol="tts" value="distributeur de billets"/><action filter="samsoir" gesture="double_tap" protocol="tts" value="distributeur de billets"/><action filter="dimaprem" gesture="double_tap" protocol="tts" value="distributeur de billets"/><action filter="dimsoir" gesture="double_tap" protocol="tts" value="distributeur de billets"/> </actions> </poi>
<poi id="secours"> <actions><action filter="f1" gesture="double_tap" protocol="tts" value="croix-rouge, secours"/><action filter="vendsoir" gesture="double_tap" protocol="tts" value="croix-rouge, secours"/><action filter="samaprem" gesture="double_tap" protocol="tts" value="croix-rouge, secours"/><action filter="samsoir" gesture="double_tap" protocol="tts" value="croix-rouge, secours"/><action filter="dimaprem" gesture="double_tap" protocol="tts" value="croix-rouge, secours"/><action filter="dimsoir" gesture="double_tap" protocol="tts" value="croix-rouge, secours"/> </actions> </poi>
<poi id="jeux"> <actions><action filter="f1" gesture="double_tap" protocol="tts" value="jeux enfants"/><action filter="vendsoir" gesture="double_tap" protocol="tts" value="jeux enfants"/><action filter="samaprem" gesture="double_tap" protocol="tts" value="jeux enfants"/><action filter="samsoir" gesture="double_tap" protocol="tts" value="jeux enfants"/><action filter="dimaprem" gesture="double_tap" protocol="tts" value="jeux enfants"/><action filter="dimsoir" gesture="double_tap" protocol="tts" value="jeux enfants"/> </actions> </poi>
<poi id="jeux2"> <actions><action filter="f1" gesture="double_tap" protocol="tts" value="jeux enfants"/><action filter="vendsoir" gesture="double_tap" protocol="tts" value="jeux enfants"/><action filter="samaprem" gesture="double_tap" protocol="tts" value="jeux enfants"/><action filter="samsoir" gesture="double_tap" protocol="tts" value="jeux enfants"/><action filter="dimaprem" gesture="double_tap" protocol="tts" value="jeux enfants"/><action filter="dimsoir" gesture="double_tap" protocol="tts" value="jeux enfants"/> </actions> </poi>
	</pois>
</config>

