<?xml version="1.0" encoding="UTF-8"?>
<config xmlns="http://www.w3.org/1999/xhtml"><filters><filter id="f1" name="Défaut" gesture="double_tap" protocol="tts" expandable="false"></filter></filters><pois><poi id="poi-1" x="294" y="197" width="92" height="102"><actions><action gesture="double_tap" filter="f1" value="Test" protocol="tts"></action></actions></poi><poi id="poi-2"><actions><action gesture="double_tap" filter="f1" value="carré" protocol="tts"></action></actions></poi><poi id="poi-3" x="378" y="369" width="180" height="130"><actions><action gesture="double_tap" filter="f1" value="polygone" protocol="tts"></action></actions></poi></pois></config>