<?xml version="1.0" encoding="UTF-8"?><config><filters><filter id="f0" name="Aucune interaction" expandable="false"/><filter id="f1" name="Valeur OSM" expandable="true"/><filter id="f2" name="Name"/></filters><pois><poi id="title"><actions><action gesture="double_tap" filter="f0" value="Titre par défaut" protocol="tts"/></actions></poi><poi id="poi-2" x="510.23370361328125" y="219.4745330810547" width="36" height="36"><actions><action gesture="double_tap" filter="f1"/><action gesture="double_tap" filter="f2" value="Gros point" protocol="tts"/></actions></poi><poi id="poi-3" x="375.1880187988281" y="329.3829040527344" width="20" height="20"><actions><action gesture="double_tap" filter="f1"/><action gesture="double_tap" filter="f2" value="Carré" protocol="tts"/></actions></poi></pois></config>